,Date,Month-Year,Warehouse Code,Warehouse Name,Warehouse Country,Warehouse City,Customer Code,Customer Country,Customer City,Location,GPS 1,GPS 2,Road,Rail,Sea,Air,Order Number,Units,KG,CO2 Road,CO2 Rail,CO2 Sea,CO2 Air,CO2 Total,Best Mode,Delivery Mode
0,2021-01-04 00:00:00.000,1-2021,3403434,WAREHOUSE PARIS AREA 1,FRANCE,CHALONS-EN-CHAMPAGNE,5002915-15,FRANCE,LES ANGLES,"FRANCE, LES ANGLES",42.5796783,2.04895,765.728,200,500,300,20247100,2.0,113.168,8.318967005184,0.6337408000000001,0.56584,71.29584000000001,80.81438780518401,Rail,"[Road, Rail, Sea, Air]"
1,2021-01-07 00:00:00.000,1-2021,3403434,WAREHOUSE PARIS AREA 1,FRANCE,CHALONS-EN-CHAMPAGNE,5340669-69,GERMANY,PEINE - WOLTORF,"GERMANY, PEINE - WOLTORF",52.304594,10.3125211,856.0,500,600,500,20203388,153.0,2530.3247100000003,207.93196336896006,35.42454594000001,15.181948260000002,2656.8409455000005,2915.3794030689605,Sea,"[Road, Rail, Sea, Air]"
2,2021-01-07 00:00:00.000,1-2021,3403434,WAREHOUSE PARIS AREA 1,FRANCE,CHALONS-EN-CHAMPAGNE,5340672-72,FRANCE,BELLEVILLE,"FRANCE, BELLEVILLE",48.8711841,2.3866818,52.694,150,250,200,20203383,128.0,2116.87296,10.708464360407042,8.890866432000001,5.292182400000001,889.0866432000001,913.9781563924072,Road,"[Road, Rail, Sea, Air]"
3,2021-01-07 00:00:00.000,1-2021,3403434,WAREHOUSE PARIS AREA 1,FRANCE,CHALONS-EN-CHAMPAGNE,5397843-43,FRANCE,SUCY EN BRIE,"FRANCE, SUCY EN BRIE",48.7688096,2.537369,281.488,250,350,400,20258239,2771.0,71.45232,1.9308451826073603,0.50016624,0.25008312,60.0199488,62.70104334260736,Sea,"[Road, Rail, Sea, Air]"
4,2021-01-08 00:00:00.000,1-2021,3403434,WAREHOUSE PARIS AREA 1,FRANCE,CHALONS-EN-CHAMPAGNE,5003451-51,FRANCE,LEVALLOIS PERRET,"FRANCE, LEVALLOIS PERRET",48.8946404,2.2874191,295.165,180,270,220,21000061,2125.0,111.952,3.1722539596800003,0.56423808,0.3022704,51.721824,55.76058643968,Sea,"[Road, Rail, Sea, Air]"
5,2021-01-08 00:00:00.000,1-2021,3403434,WAREHOUSE PARIS AREA 1,FRANCE,CHALONS-EN-CHAMPAGNE,5029913-13,FRANCE,MOISSY-CRAMAYEL,"FRANCE, MOISSY-CRAMAYEL",48.6246665,2.5957563,288.437,200,300,250,20258208,17466.0,605.0640999999999,16.754195885923203,3.38835896,1.8151922999999999,317.65865249999996,339.61639964592314,Sea,"[Road, Rail, Sea, Air]"
6,2021-01-08 00:00:00.000,1-2021,3403434,WAREHOUSE PARIS AREA 1,FRANCE,CHALONS-EN-CHAMPAGNE,5340672-72,FRANCE,BELLEVILLE,"FRANCE, BELLEVILLE",48.8711841,2.3866818,52.694,150,250,200,20203327,8460.0,593.088,3.0002091909120003,2.4909695999999997,1.48272,249.09696,256.070858790912,Road,"[Road, Rail, Sea, Air]"
7,2021-01-08 00:00:00.000,1-2021,3403434,WAREHOUSE PARIS AREA 1,FRANCE,CHALONS-EN-CHAMPAGNE,5340672-72,FRANCE,BELLEVILLE,"FRANCE, BELLEVILLE",48.8711841,2.3866818,52.694,150,250,200,20203395,12162.0,961.2384,4.8625436399616,4.03720128,2.403096,403.720128,415.0229689199616,Road,"[Road, Rail, Sea, Air]"
8,2021-01-11 00:00:00.000,1-2021,3403434,WAREHOUSE PARIS AREA 1,FRANCE,CHALONS-EN-CHAMPAGNE,5293132-32,FRANCE,HERLIN LE SEC,"FRANCE, HERLIN LE SEC",50.3544288,2.3317656,353.59,230,330,270,21000301,822.0,29.963699999999996,1.0171070095679997,0.19296622799999996,0.09888020999999998,16.989417899999996,18.298371347567997,Sea,"[Road, Rail, Sea, Air]"
9,2021-01-11 00:00:00.000,1-2021,3403434,WAREHOUSE PARIS AREA 1,FRANCE,CHALONS-EN-CHAMPAGNE,5340669-69,GERMANY,PEINE - WOLTORF,"GERMANY, PEINE - WOLTORF",52.304594,10.3125211,856.0,500,600,500,20203403,10200.0,407.15999999999997,33.458780159999996,5.70024,2.44296,427.518,469.11998015999995,Sea,"[Road, Rail, Sea, Air]"
10,2021-01-12 00:00:00.000,1-2021,3403434,WAREHOUSE PARIS AREA 1,FRANCE,CHALONS-EN-CHAMPAGNE,5029913-13,FRANCE,MOISSY-CRAMAYEL,"FRANCE, MOISSY-CRAMAYEL",48.6246665,2.5957563,288.437,200,300,250,21000427,960.0,71.03999999999999,1.96709419008,0.39782399999999996,0.21311999999999998,37.296,39.87403819008,Sea,"[Road, Rail, Sea, Air]"
11,2021-01-12 00:00:00.000,1-2021,3403434,WAREHOUSE PARIS AREA 1,FRANCE,CHALONS-EN-CHAMPAGNE,5293132-32,FRANCE,HERLIN LE SEC,"FRANCE, HERLIN LE SEC",50.3544288,2.3317656,353.59,230,330,270,20245714,4.0,83.1934,2.823970013376,0.535765496,0.27453822,47.1706578,50.804931529376,Sea,"[Road, Rail, Sea, Air]"
12,2021-01-12 00:00:00.000,1-2021,3403434,WAREHOUSE PARIS AREA 1,FRANCE,CHALONS-EN-CHAMPAGNE,5340672-72,FRANCE,BELLEVILLE,"FRANCE, BELLEVILLE",48.8711841,2.3866818,52.694,150,250,200,20203348,6502.0,449.3504,2.2730947178496,1.8872716799999998,1.123376,188.727168,194.0109103978496,Road,"[Road, Rail, Sea, Air]"
13,2021-01-12 00:00:00.000,1-2021,3403434,WAREHOUSE PARIS AREA 1,FRANCE,CHALONS-EN-CHAMPAGNE,5340672-72,FRANCE,BELLEVILLE,"FRANCE, BELLEVILLE",48.8711841,2.3866818,52.694,150,250,200,20203402,10200.0,407.15999999999997,2.05966934784,1.710072,1.0179,171.00719999999998,175.79484134784,Road,"[Road, Rail, Sea, Air]"
14,2021-01-13 00:00:00.000,1-2021,3403434,WAREHOUSE PARIS AREA 1,FRANCE,CHALONS-EN-CHAMPAGNE,5029913-13,FRANCE,MOISSY-CRAMAYEL,"FRANCE, MOISSY-CRAMAYEL",48.6246665,2.5957563,288.437,200,300,250,21000584,17260.0,726.1823999999999,20.1079557992448,4.06662144,2.1785471999999997,381.24575999999996,407.5988844392448,Sea,"[Road, Rail, Sea, Air]"
15,2021-01-14 00:00:00.000,1-2021,3403434,WAREHOUSE PARIS AREA 1,FRANCE,CHALONS-EN-CHAMPAGNE,5003269-69,FRANCE,MACON,"FRANCE, MACON",48.878552,2.2801174,478.723,350,450,400,21000869,184.0,13.967999999999998,0.6419330749439999,0.13688639999999996,0.062856,11.73312,12.574795474943999,Sea,"[Road, Rail, Sea, Air]"
16,2021-01-14 00:00:00.000,1-2021,3403434,WAREHOUSE PARIS AREA 1,FRANCE,CHALONS-EN-CHAMPAGNE,5003474-74,FRANCE,ORLY,"FRANCE, ORLY",48.7402273,2.402965,287.11,200,300,250,21000857,370.0,13.4283,0.3701183244480001,0.07519848,0.040284900000000005,7.049857500000001,7.535459204448001,Sea,"[Road, Rail, Sea, Air]"
17,2021-01-18 00:00:00.000,1-2021,3403434,WAREHOUSE PARIS AREA 1,FRANCE,CHALONS-EN-CHAMPAGNE,5003451-51,FRANCE,LEVALLOIS PERRET,"FRANCE, LEVALLOIS PERRET",48.8946404,2.2874191,295.165,180,270,220,21001785,2070.0,117.53532999999999,3.3304623052271998,0.5923780632,0.317345391,54.301322459999994,58.54150821942719,Sea,"[Road, Rail, Sea, Air]"
18,2021-01-18 00:00:00.000,1-2021,3403434,WAREHOUSE PARIS AREA 1,FRANCE,CHALONS-EN-CHAMPAGNE,5003476-76,FRANCE,VITRY SUR SEINE,"FRANCE, VITRY SUR SEINE",48.7892629,2.395103,284.851,180,280,220,21001330,4039.0,165.49034999999998,4.5254488020335994,0.8340713639999999,0.46337298,76.4565417,82.2794348460336,Sea,"[Road, Rail, Sea, Air]"
19,2021-01-19 00:00:00.000,1-2021,3403434,WAREHOUSE PARIS AREA 1,FRANCE,CHALONS-EN-CHAMPAGNE,115-15,FRANCE,CLICHY CEDEX,"FRANCE, CLICHY CEDEX",48.9040993,2.3041229,293.858,190,270,230,21000061,63.0,13.798599999999999,0.3892635838848,0.073408552,0.03725622,6.6647238,7.1646521558848,Sea,"[Road, Rail, Sea, Air]"
20,2021-01-19 00:00:00.000,1-2021,3403434,WAREHOUSE PARIS AREA 1,FRANCE,CHALONS-EN-CHAMPAGNE,5002915-15,FRANCE,LES ANGLES,"FRANCE, LES ANGLES",42.5796783,2.04895,765.728,200,500,300,21002048,993.0,111.828,8.220463755264,0.6262368,0.5591400000000001,70.45164000000001,79.857480555264,Rail,"[Road, Rail, Sea, Air]"
21,2021-01-19 00:00:00.000,1-2021,3403434,WAREHOUSE PARIS AREA 1,FRANCE,CHALONS-EN-CHAMPAGNE,5002915-15,FRANCE,LES ANGLES,"FRANCE, LES ANGLES",42.5796783,2.04895,765.728,200,500,300,21002514,2057.0,67.0285,4.927257527807999,0.37535959999999996,0.33514249999999995,42.227954999999994,47.865714627807996,Rail,"[Road, Rail, Sea, Air]"
22,2021-01-19 00:00:00.000,1-2021,3403434,WAREHOUSE PARIS AREA 1,FRANCE,CHALONS-EN-CHAMPAGNE,5397843-43,FRANCE,SUCY EN BRIE,"FRANCE, SUCY EN BRIE",48.7688096,2.537369,281.488,250,350,400,21002928,3011.0,123.82406,3.3460787521228803,0.86676842,0.43338421,104.0122104,108.65844178212288,Sea,"[Road, Rail, Sea, Air]"
23,2021-01-20 00:00:00.000,1-2021,3403434,WAREHOUSE PARIS AREA 1,FRANCE,CHALONS-EN-CHAMPAGNE,5006517-17,FRANCE,SERRIS,"FRANCE, SERRIS",48.8453093,2.7873016,256.25,200,300,250,21002317,488.0,35.873999999999995,0.8825004,0.2008944,0.10762199999999998,18.833849999999998,20.024866799999998,Sea,"[Road, Rail, Sea, Air]"
24,2021-01-20 00:00:00.000,1-2021,3403434,WAREHOUSE PARIS AREA 1,FRANCE,CHALONS-EN-CHAMPAGNE,5029913-13,FRANCE,MOISSY-CRAMAYEL,"FRANCE, MOISSY-CRAMAYEL",48.6246665,2.5957563,288.437,200,300,250,21002923,19687.0,765.0996999999999,21.185573968214396,4.2845583199999995,2.2952990999999994,401.67734249999995,429.44277388821433,Sea,"[Road, Rail, Sea, Air]"
25,2021-01-20 00:00:00.000,1-2021,3403434,WAREHOUSE PARIS AREA 1,FRANCE,CHALONS-EN-CHAMPAGNE,5340669-69,GERMANY,PEINE - WOLTORF,"GERMANY, PEINE - WOLTORF",52.304594,10.3125211,856.0,500,600,500,21000019,11730.0,1019.904,83.81163110399999,14.278655999999998,6.1194239999999995,1070.8991999999998,1175.1089111039998,Sea,"[Road, Rail, Sea, Air]"
26,2021-01-26 00:00:00.000,1-2021,3403434,WAREHOUSE PARIS AREA 1,FRANCE,CHALONS-EN-CHAMPAGNE,5029913-13,FRANCE,MOISSY-CRAMAYEL,"FRANCE, MOISSY-CRAMAYEL",48.6246665,2.5957563,288.437,200,300,250,21003871,4140.0,265.09499999999997,7.34046782544,1.4845319999999997,0.7952849999999999,139.174875,148.79515982543998,Sea,"[Road, Rail, Sea, Air]"
27,2021-01-27 00:00:00.000,1-2021,3403434,WAREHOUSE PARIS AREA 1,FRANCE,CHALONS-EN-CHAMPAGNE,5340672-72,FRANCE,BELLEVILLE,"FRANCE, BELLEVILLE",48.8711841,2.3866818,52.694,150,250,200,21000117,9600.0,416.88,2.10883917312,1.750896,1.0422,175.0896,179.99153517311998,Road,"[Road, Rail, Sea, Air]"
28,2021-01-28 00:00:00.000,1-2021,3403434,WAREHOUSE PARIS AREA 1,FRANCE,CHALONS-EN-CHAMPAGNE,5003451-51,FRANCE,LEVALLOIS PERRET,"FRANCE, LEVALLOIS PERRET",48.8946404,2.2874191,295.165,180,270,220,21004566,2432.0,111.86329999999998,3.1697405706720003,0.5637910319999999,0.30203091,51.6808446,55.716407112672,Sea,"[Road, Rail, Sea, Air]"
29,2021-01-28 00:00:00.000,1-2021,3403434,WAREHOUSE PARIS AREA 1,FRANCE,CHALONS-EN-CHAMPAGNE,5029913-13,FRANCE,MOISSY-CRAMAYEL,"FRANCE, MOISSY-CRAMAYEL",48.6246665,2.5957563,288.437,200,300,250,21004423,28276.0,975.0156999999999,26.9981379322464,5.460087919999999,2.9250471,511.8832425,547.2665154522464,Sea,"[Road, Rail, Sea, Air]"
30,2021-02-02 00:00:00.000,1-2021,3403434,WAREHOUSE PARIS AREA 1,FRANCE,CHALONS-EN-CHAMPAGNE,5029913-13,FRANCE,MOISSY-CRAMAYEL,"FRANCE, MOISSY-CRAMAYEL",48.6246665,2.5957563,288.437,200,300,250,21005070,2400.0,269.28,7.456350274559999,1.507968,0.8078399999999999,141.37199999999999,151.14415827456,Sea,"[Road, Rail, Sea, Air]"
31,2021-02-03 00:00:00.000,1-2021,3403434,WAREHOUSE PARIS AREA 1,FRANCE,CHALONS-EN-CHAMPAGNE,5029913-13,FRANCE,MOISSY-CRAMAYEL,"FRANCE, MOISSY-CRAMAYEL",48.6246665,2.5957563,288.437,200,300,250,21005182,15652.0,647.3319,17.9245892390688,3.6250586400000007,1.9419957000000003,339.84924750000005,363.34089107906885,Sea,"[Road, Rail, Sea, Air]"
32,2021-02-04 00:00:00.000,1-2021,3403434,WAREHOUSE PARIS AREA 1,FRANCE,CHALONS-EN-CHAMPAGNE,5003451-51,FRANCE,LEVALLOIS PERRET,"FRANCE, LEVALLOIS PERRET",48.8946404,2.2874191,295.165,180,270,220,21006216,1280.0,65.35399999999998,1.8518604873599998,0.3293841599999999,0.17645579999999997,30.193547999999993,32.551248447359995,Sea,"[Road, Rail, Sea, Air]"
33,2021-02-04 00:00:00.000,1-2021,3403434,WAREHOUSE PARIS AREA 1,FRANCE,CHALONS-EN-CHAMPAGNE,5003474-74,FRANCE,ORLY,"FRANCE, ORLY",48.7402273,2.402965,287.11,200,300,250,21006033,913.0,37.38,1.0302884928000002,0.20932800000000004,0.11214,19.6245,20.9762564928,Sea,"[Road, Rail, Sea, Air]"
34,2021-02-05 00:00:00.000,1-2021,3403434,WAREHOUSE PARIS AREA 1,FRANCE,CHALONS-EN-CHAMPAGNE,5340672-72,FRANCE,BELLEVILLE,"FRANCE, BELLEVILLE",48.8711841,2.3866818,52.694,150,250,200,21000067,13710.0,1108.848,5.609245105152001,4.6571616,2.77212,465.71616000000006,478.75468670515204,Road,"[Road, Rail, Sea, Air]"
35,2021-02-05 00:00:00.000,1-2021,3403434,WAREHOUSE PARIS AREA 1,FRANCE,CHALONS-EN-CHAMPAGNE,5340672-72,FRANCE,BELLEVILLE,"FRANCE, BELLEVILLE",48.8711841,2.3866818,52.694,150,250,200,21000113,8460.0,593.088,3.0002091909120003,2.4909695999999997,1.48272,249.09696,256.070858790912,Road,"[Road, Rail, Sea, Air]"
36,2021-02-05 00:00:00.000,1-2021,3403434,WAREHOUSE PARIS AREA 1,FRANCE,CHALONS-EN-CHAMPAGNE,5397843-43,FRANCE,SUCY EN BRIE,"FRANCE, SUCY EN BRIE",48.7688096,2.537369,281.488,250,350,400,21006170,1600.0,35.304,0.954014625792,0.24712800000000001,0.12356400000000001,29.65536,30.980066625792002,Sea,"[Road, Rail, Sea, Air]"
37,2021-02-09 00:00:00.000,2-2021,3403434,WAREHOUSE PARIS AREA 1,FRANCE,CHALONS-EN-CHAMPAGNE,5029913-13,FRANCE,MOISSY-CRAMAYEL,"FRANCE, MOISSY-CRAMAYEL",48.6246665,2.5957563,288.437,200,300,250,21007198,2500.0,110.8,3.0680466816000003,0.62048,0.33240000000000003,58.17,62.190926681600004,Sea,"[Road, Rail, Sea, Air]"
38,2021-02-15 00:00:00.000,2-2021,3403434,WAREHOUSE PARIS AREA 1,FRANCE,CHALONS-EN-CHAMPAGNE,5003451-51,FRANCE,LEVALLOIS PERRET,"FRANCE, LEVALLOIS PERRET",48.8946404,2.2874191,295.165,180,270,220,21007784,748.0,32.48609999999999,0.9205209318239997,0.16372994399999996,0.08771246999999997,15.008578199999995,16.180541545823996,Sea,"[Road, Rail, Sea, Air]"
39,2021-02-16 00:00:00.000,2-2021,3403434,WAREHOUSE PARIS AREA 1,FRANCE,CHALONS-EN-CHAMPAGNE,5002915-15,FRANCE,LES ANGLES,"FRANCE, LES ANGLES",42.5796783,2.04895,765.728,200,500,300,21008835,1141.0,45.2354,3.3252491876351993,0.25331824,0.226177,28.498302,32.303046427635195,Rail,"[Road, Rail, Sea, Air]"
40,2021-02-16 00:00:00.000,2-2021,3403434,WAREHOUSE PARIS AREA 1,FRANCE,CHALONS-EN-CHAMPAGNE,5006517-17,FRANCE,SERRIS,"FRANCE, SERRIS",48.8453093,2.7873016,256.25,200,300,250,21008983,530.0,35.2215,0.8664488999999999,0.19724039999999998,0.10566449999999998,18.4912875,19.660641299999998,Sea,"[Road, Rail, Sea, Air]"
41,2021-02-16 00:00:00.000,2-2021,3403434,WAREHOUSE PARIS AREA 1,FRANCE,CHALONS-EN-CHAMPAGNE,5029913-13,FRANCE,MOISSY-CRAMAYEL,"FRANCE, MOISSY-CRAMAYEL",48.6246665,2.5957563,288.437,200,300,250,21008836,4740.0,324.3,8.979851433600002,1.8160800000000004,0.9729000000000001,170.25750000000002,182.02633143360003,Sea,"[Road, Rail, Sea, Air]"
42,2021-02-18 00:00:00.000,2-2021,3403434,WAREHOUSE PARIS AREA 1,FRANCE,CHALONS-EN-CHAMPAGNE,5029913-13,FRANCE,MOISSY-CRAMAYEL,"FRANCE, MOISSY-CRAMAYEL",48.6246665,2.5957563,288.437,200,300,250,21009087,38363.0,1398.9108999999999,38.735775673276805,7.83390104,4.1967327,734.4282225,785.1946319132768,Sea,"[Road, Rail, Sea, Air]"
43,2021-02-19 00:00:00.000,2-2021,3403434,WAREHOUSE PARIS AREA 1,FRANCE,CHALONS-EN-CHAMPAGNE,5340672-72,FRANCE,BELLEVILLE,"FRANCE, BELLEVILLE",48.8711841,2.3866818,52.694,150,250,200,21000225,15372.0,884.7743999999999,4.4757410144256,3.716052479999999,2.2119359999999997,371.60524799999996,382.00897749442555,Road,"[Road, Rail, Sea, Air]"
44,2021-02-23 00:00:00.000,2-2021,3403434,WAREHOUSE PARIS AREA 1,FRANCE,CHALONS-EN-CHAMPAGNE,5029913-13,FRANCE,MOISSY-CRAMAYEL,"FRANCE, MOISSY-CRAMAYEL",48.6246665,2.5957563,288.437,200,300,250,21010124,2580.0,171.12,4.73830458624,0.9582719999999999,0.51336,89.83800000000001,96.04793658624001,Sea,"[Road, Rail, Sea, Air]"
45,2021-02-24 00:00:00.000,2-2021,3403434,WAREHOUSE PARIS AREA 1,FRANCE,CHALONS-EN-CHAMPAGNE,5003451-51,FRANCE,LEVALLOIS PERRET,"FRANCE, LEVALLOIS PERRET",48.8946404,2.2874191,295.165,180,270,220,21010443,1478.0,60.23824999999999,1.7069014138799998,0.3036007799999999,0.16264327499999998,27.830071499999995,30.003216968879997,Sea,"[Road, Rail, Sea, Air]"
46,2021-02-24 00:00:00.000,2-2021,3403434,WAREHOUSE PARIS AREA 1,FRANCE,CHALONS-EN-CHAMPAGNE,5003476-76,FRANCE,VITRY SUR SEINE,"FRANCE, VITRY SUR SEINE",48.7892629,2.395103,284.851,180,280,220,21010352,1814.0,74.2355,2.030021415408,0.37414692,0.2078594,34.296801,36.908828735408,Sea,"[Road, Rail, Sea, Air]"
47,2021-02-24 00:00:00.000,2-2021,3403434,WAREHOUSE PARIS AREA 1,FRANCE,CHALONS-EN-CHAMPAGNE,5029913-13,FRANCE,MOISSY-CRAMAYEL,"FRANCE, MOISSY-CRAMAYEL",48.6246665,2.5957563,288.437,200,300,250,21010299,20983.0,817.5504,22.637931333580802,4.578282240000001,2.4526512,429.21396,458.8828247735808,Sea,"[Road, Rail, Sea, Air]"
48,2021-02-26 00:00:00.000,2-2021,3403434,WAREHOUSE PARIS AREA 1,FRANCE,CHALONS-EN-CHAMPAGNE,5003269-69,FRANCE,MACON,"FRANCE, MACON",48.878552,2.2801174,478.723,350,450,400,21010698,1238.0,53.76863999999999,2.4710673260851195,0.5269326719999999,0.24195887999999996,45.165657599999996,48.405616478085115,Sea,"[Road, Rail, Sea, Air]"
49,2021-03-02 00:00:00.000,2-2021,3403434,WAREHOUSE PARIS AREA 1,FRANCE,CHALONS-EN-CHAMPAGNE,5003269-69,FRANCE,MACON,"FRANCE, MACON",48.878552,2.2801174,478.723,350,450,400,21011367,754.0,55.276399999999995,2.5403600675712,0.54170872,0.2487438,46.432176,49.7629885875712,Sea,"[Road, Rail, Sea, Air]"
50,2021-03-02 00:00:00.000,2-2021,3403434,WAREHOUSE PARIS AREA 1,FRANCE,CHALONS-EN-CHAMPAGNE,5029913-13,FRANCE,MOISSY-CRAMAYEL,"FRANCE, MOISSY-CRAMAYEL",48.6246665,2.5957563,288.437,200,300,250,21011222,3540.0,333.84,9.24401357568,1.869504,1.00152,175.266,187.38103757567998,Sea,"[Road, Rail, Sea, Air]"
51,2021-03-03 00:00:00.000,2-2021,3403434,WAREHOUSE PARIS AREA 1,FRANCE,CHALONS-EN-CHAMPAGNE,5029913-13,FRANCE,MOISSY-CRAMAYEL,"FRANCE, MOISSY-CRAMAYEL",48.6246665,2.5957563,288.437,200,300,250,21011516,12926.0,430.247,11.913518778144,2.4093831999999997,1.290741,225.87967500000002,241.49331797814403,Sea,"[Road, Rail, Sea, Air]"
52,2021-03-04 00:00:00.000,2-2021,3403434,WAREHOUSE PARIS AREA 1,FRANCE,CHALONS-EN-CHAMPAGNE,5003451-51,FRANCE,LEVALLOIS PERRET,"FRANCE, LEVALLOIS PERRET",48.8946404,2.2874191,295.165,180,270,220,21011938,699.0,52.60419999999999,1.4905841945279998,0.26512516799999997,0.14203133999999998,24.303140399999993,26.200881102527994,Sea,"[Road, Rail, Sea, Air]"
53,2021-03-04 00:00:00.000,2-2021,3403434,WAREHOUSE PARIS AREA 1,FRANCE,CHALONS-EN-CHAMPAGNE,5340672-72,FRANCE,BELLEVILLE,"FRANCE, BELLEVILLE",48.8711841,2.3866818,52.694,150,250,200,21000544,9600.0,416.88,2.10883917312,1.750896,1.0422,175.0896,179.99153517311998,Road,"[Road, Rail, Sea, Air]"
54,2021-03-05 00:00:00.000,2-2021,3403434,WAREHOUSE PARIS AREA 1,FRANCE,CHALONS-EN-CHAMPAGNE,5397843-43,FRANCE,SUCY EN BRIE,"FRANCE, SUCY EN BRIE",48.7688096,2.537369,281.488,250,350,400,21012075,3564.0,163.61520000000002,4.421348680089601,1.1453064000000002,0.5726532000000001,137.43676800000003,143.57607628008964,Sea,"[Road, Rail, Sea, Air]"
55,2021-03-08 00:00:00.000,3-2021,3403434,WAREHOUSE PARIS AREA 1,FRANCE,CHALONS-EN-CHAMPAGNE,5340669-69,GERMANY,PEINE - WOLTORF,"GERMANY, PEINE - WOLTORF",52.304594,10.3125211,856.0,500,600,500,21000840,6956.0,489.68319999999994,40.24020664319999,6.855564799999999,2.9380992,514.1673599999999,564.2012306431999,Sea,"[Road, Rail, Sea, Air]"
56,2021-03-09 00:00:00.000,3-2021,3403434,WAREHOUSE PARIS AREA 1,FRANCE,CHALONS-EN-CHAMPAGNE,5003474-74,FRANCE,ORLY,"FRANCE, ORLY",48.7402273,2.402965,287.11,200,300,250,21012886,3505.0,146.71635999999998,4.0438784754816,0.821611616,0.44014907999999997,77.026089,82.3317281714816,Sea,"[Road, Rail, Sea, Air]"
57,2021-03-09 00:00:00.000,3-2021,3403434,WAREHOUSE PARIS AREA 1,FRANCE,CHALONS-EN-CHAMPAGNE,5029913-13,FRANCE,MOISSY-CRAMAYEL,"FRANCE, MOISSY-CRAMAYEL",48.6246665,2.5957563,288.437,200,300,250,21012651,16684.0,660.1902,18.2806349488704,3.69706512,1.9805705999999998,346.599855,370.5581256688704,Sea,"[Road, Rail, Sea, Air]"
58,2021-03-09 00:00:00.000,3-2021,3403434,WAREHOUSE PARIS AREA 1,FRANCE,CHALONS-EN-CHAMPAGNE,5340672-72,FRANCE,BELLEVILLE,"FRANCE, BELLEVILLE",48.8711841,2.3866818,52.694,150,250,200,21000546,10166.0,567.0111999999999,2.8682964645888,2.38144704,1.417528,238.144704,244.8119755045888,Road,"[Road, Rail, Sea, Air]"
59,2021-03-09 00:00:00.000,3-2021,3403434,WAREHOUSE PARIS AREA 1,FRANCE,CHALONS-EN-CHAMPAGNE,5340672-72,FRANCE,BELLEVILLE,"FRANCE, BELLEVILLE",48.8711841,2.3866818,52.694,150,250,200,21000812,7820.0,679.9359999999999,3.4395405680639994,2.8557311999999997,1.6998399999999998,285.57311999999996,293.568231768064,Road,"[Road, Rail, Sea, Air]"
60,2021-03-10 00:00:00.000,3-2021,3403434,WAREHOUSE PARIS AREA 1,FRANCE,CHALONS-EN-CHAMPAGNE,5340672-72,FRANCE,BELLEVILLE,"FRANCE, BELLEVILLE",48.8711841,2.3866818,52.694,150,250,200,21000804,9600.0,416.88,2.10883917312,1.750896,1.0422,175.0896,179.99153517311998,Road,"[Road, Rail, Sea, Air]"
61,2021-03-11 00:00:00.000,3-2021,3403434,WAREHOUSE PARIS AREA 1,FRANCE,CHALONS-EN-CHAMPAGNE,5003451-51,FRANCE,LEVALLOIS PERRET,"FRANCE, LEVALLOIS PERRET",48.8946404,2.2874191,295.165,180,270,220,21013968,1174.0,56.03159999999999,1.5877024525439998,0.2823992639999999,0.15128531999999997,25.886599199999996,27.907986236543994,Sea,"[Road, Rail, Sea, Air]"
62,2021-03-16 00:00:00.000,3-2021,3403434,WAREHOUSE PARIS AREA 1,FRANCE,CHALONS-EN-CHAMPAGNE,5003476-76,FRANCE,VITRY SUR SEINE,"FRANCE, VITRY SUR SEINE",48.7892629,2.395103,284.851,180,280,220,21015125,1882.0,77.98691999999998,2.13260660629632,0.39305407679999993,0.21836337599999997,36.02995704,38.77398109909632,Sea,"[Road, Rail, Sea, Air]"
63,2021-03-17 00:00:00.000,3-2021,3403434,WAREHOUSE PARIS AREA 1,FRANCE,CHALONS-EN-CHAMPAGNE,5002915-15,FRANCE,LES ANGLES,"FRANCE, LES ANGLES",42.5796783,2.04895,765.728,200,500,300,21016274,1672.0,57.96914999999999,4.261305723955199,0.32462724,0.28984574999999996,36.52056449999999,41.39634321395519,Rail,"[Road, Rail, Sea, Air]"
64,2021-03-17 00:00:00.000,3-2021,3403434,WAREHOUSE PARIS AREA 1,FRANCE,CHALONS-EN-CHAMPAGNE,5029913-13,FRANCE,MOISSY-CRAMAYEL,"FRANCE, MOISSY-CRAMAYEL",48.6246665,2.5957563,288.437,200,300,250,21015794,26945.0,973.2621,26.9495808324192,5.45026776,2.9197863,510.96260250000006,546.2822373924192,Sea,"[Road, Rail, Sea, Air]"
65,2021-03-17 00:00:00.000,3-2021,3403434,WAREHOUSE PARIS AREA 1,FRANCE,CHALONS-EN-CHAMPAGNE,5340672-72,FRANCE,BELLEVILLE,"FRANCE, BELLEVILLE",48.8711841,2.3866818,52.694,150,250,200,21000803,10210.0,765.008,3.8698878289920007,3.2130336,1.9125200000000002,321.30336,330.298801428992,Road,"[Road, Rail, Sea, Air]"
66,2021-03-19 00:00:00.000,3-2021,3403434,WAREHOUSE PARIS AREA 1,FRANCE,CHALONS-EN-CHAMPAGNE,5003451-51,FRANCE,LEVALLOIS PERRET,"FRANCE, LEVALLOIS PERRET",48.8946404,2.2874191,295.165,180,270,220,21016766,527.0,18.897399999999998,0.5354737028159999,0.095242896,0.051022979999999996,8.7305988,9.412338378815999,Sea,"[Road, Rail, Sea, Air]"
67,2021-03-19 00:00:00.000,3-2021,3403434,WAREHOUSE PARIS AREA 1,FRANCE,CHALONS-EN-CHAMPAGNE,5293132-32,FRANCE,HERLIN LE SEC,"FRANCE, HERLIN LE SEC",50.3544288,2.3317656,353.59,230,330,270,21017093,405.0,12.6143,0.428187872352,0.08123609200000001,0.04162719,7.152308100000001,7.703359254352001,Sea,"[Road, Rail, Sea, Air]"
68,2021-03-22 00:00:00.000,3-2021,3403434,WAREHOUSE PARIS AREA 1,FRANCE,CHALONS-EN-CHAMPAGNE,5002915-15,FRANCE,LES ANGLES,"FRANCE, LES ANGLES",42.5796783,2.04895,765.728,200,500,300,21003893,1.0,40.52604,2.97906466148352,0.226945824,0.2026302,25.531405200000002,28.94004588548352,Rail,"[Road, Rail, Sea, Air]"
69,2021-03-23 00:00:00.000,3-2021,3403434,WAREHOUSE PARIS AREA 1,FRANCE,CHALONS-EN-CHAMPAGNE,5029913-13,FRANCE,MOISSY-CRAMAYEL,"FRANCE, MOISSY-CRAMAYEL",48.6246665,2.5957563,288.437,200,300,250,21017392,2100.0,135.6,3.7547574912000004,0.75936,0.4068,71.19,76.1109174912,Sea,"[Road, Rail, Sea, Air]"
70,2021-03-24 00:00:00.000,3-2021,3403434,WAREHOUSE PARIS AREA 1,FRANCE,CHALONS-EN-CHAMPAGNE,5029913-13,FRANCE,MOISSY-CRAMAYEL,"FRANCE, MOISSY-CRAMAYEL",48.6246665,2.5957563,288.437,200,300,250,21018049,17515.0,668.3958,18.5078476190016,3.74301648,2.0051874,350.907795,375.16384649900164,Sea,"[Road, Rail, Sea, Air]"
71,2021-03-24 00:00:00.000,3-2021,3403434,WAREHOUSE PARIS AREA 1,FRANCE,CHALONS-EN-CHAMPAGNE,5340672-72,FRANCE,BELLEVILLE,"FRANCE, BELLEVILLE",48.8711841,2.3866818,52.694,150,250,200,21000922,19922.0,1137.8944,5.7561799213056,4.77915648,2.8447359999999997,477.91564800000003,491.29572040130563,Road,"[Road, Rail, Sea, Air]"
72,2021-03-25 00:00:00.000,3-2021,3403434,WAREHOUSE PARIS AREA 1,FRANCE,CHALONS-EN-CHAMPAGNE,5006517-17,FRANCE,SERRIS,"FRANCE, SERRIS",48.8453093,2.7873016,256.25,200,300,250,21018956,406.0,29.0215,0.7139289,0.16252039999999998,0.0870645,15.236287500000001,16.1998013,Sea,"[Road, Rail, Sea, Air]"
73,2021-03-29 00:00:00.000,3-2021,3403434,WAREHOUSE PARIS AREA 1,FRANCE,CHALONS-EN-CHAMPAGNE,5340669-69,GERMANY,PEINE - WOLTORF,"GERMANY, PEINE - WOLTORF",52.304594,10.3125211,856.0,500,600,500,21001041,12512.0,454.0864,37.3150040064,6.357209600000001,2.7245184,476.79072,523.1874520064,Sea,"[Road, Rail, Sea, Air]"
74,2021-03-30 00:00:00.000,3-2021,3403434,WAREHOUSE PARIS AREA 1,FRANCE,CHALONS-EN-CHAMPAGNE,5003474-74,FRANCE,ORLY,"FRANCE, ORLY",48.7402273,2.402965,287.11,200,300,250,21020633,1677.0,78.46802,2.1627795093312003,0.43942091200000005,0.23540406000000003,41.1957105,44.033314981331195,Sea,"[Road, Rail, Sea, Air]"
75,2021-03-30 00:00:00.000,3-2021,3403434,WAREHOUSE PARIS AREA 1,FRANCE,CHALONS-EN-CHAMPAGNE,5003476-76,FRANCE,VITRY SUR SEINE,"FRANCE, VITRY SUR SEINE",48.7892629,2.395103,284.851,180,280,220,21020800,1254.0,41.222199999999994,1.1272497496511997,0.20775988799999995,0.11542215999999998,19.044656399999997,20.495088197651196,Sea,"[Road, Rail, Sea, Air]"
76,2021-03-30 00:00:00.000,3-2021,3403434,WAREHOUSE PARIS AREA 1,FRANCE,CHALONS-EN-CHAMPAGNE,5340672-72,FRANCE,BELLEVILLE,"FRANCE, BELLEVILLE",48.8711841,2.3866818,52.694,150,250,200,21001046,9600.0,416.88,2.10883917312,1.750896,1.0422,175.0896,179.99153517311998,Road,"[Road, Rail, Sea, Air]"
77,2021-03-31 00:00:00.000,3-2021,3403434,WAREHOUSE PARIS AREA 1,FRANCE,CHALONS-EN-CHAMPAGNE,5003451-51,FRANCE,LEVALLOIS PERRET,"FRANCE, LEVALLOIS PERRET",48.8946404,2.2874191,295.165,180,270,220,21021247,1374.0,61.10287999999998,1.7314014312191994,0.3079585151999999,0.16497777599999996,28.22953055999999,30.43386828241919,Sea,"[Road, Rail, Sea, Air]"
78,2021-04-01 00:00:00.000,3-2021,3403434,WAREHOUSE PARIS AREA 1,FRANCE,CHALONS-EN-CHAMPAGNE,5029913-13,FRANCE,MOISSY-CRAMAYEL,"FRANCE, MOISSY-CRAMAYEL",48.6246665,2.5957563,288.437,200,300,250,21020520,3300.0,316.08,8.75224002816,1.7700479999999998,0.94824,165.942,177.41252802816,Sea,"[Road, Rail, Sea, Air]"
79,2021-04-01 00:00:00.000,3-2021,3403434,WAREHOUSE PARIS AREA 1,FRANCE,CHALONS-EN-CHAMPAGNE,5029913-13,FRANCE,MOISSY-CRAMAYEL,"FRANCE, MOISSY-CRAMAYEL",48.6246665,2.5957563,288.437,200,300,250,21022127,24242.0,996.5432999999999,27.5942361429216,5.58064248,2.9896299,523.1852325,559.3497410229215,Sea,"[Road, Rail, Sea, Air]"
80,2021-04-07 00:00:00.000,4-2021,3403434,WAREHOUSE PARIS AREA 1,FRANCE,CHALONS-EN-CHAMPAGNE,5029913-13,FRANCE,MOISSY-CRAMAYEL,"FRANCE, MOISSY-CRAMAYEL",48.6246665,2.5957563,288.437,200,300,250,21023078,960.0,71.03999999999999,1.96709419008,0.39782399999999996,0.21311999999999998,37.296,39.87403819008,Sea,"[Road, Rail, Sea, Air]"
81,2021-04-07 00:00:00.000,4-2021,3403434,WAREHOUSE PARIS AREA 1,FRANCE,CHALONS-EN-CHAMPAGNE,5340672-72,FRANCE,BELLEVILLE,"FRANCE, BELLEVILLE",48.8711841,2.3866818,52.694,150,250,200,21001118,9600.0,416.88,2.10883917312,1.750896,1.0422,175.0896,179.99153517311998,Road,"[Road, Rail, Sea, Air]"
82,2021-04-08 00:00:00.000,4-2021,3403434,WAREHOUSE PARIS AREA 1,FRANCE,CHALONS-EN-CHAMPAGNE,5397843-43,FRANCE,SUCY EN BRIE,"FRANCE, SUCY EN BRIE",48.7688096,2.537369,281.488,250,350,400,21023760,4131.0,106.13582,2.8680921312153598,0.7429507399999999,0.37147537,89.1540888,93.13660704121536,Sea,"[Road, Rail, Sea, Air]"
83,2021-04-09 00:00:00.000,4-2021,3403434,WAREHOUSE PARIS AREA 1,FRANCE,CHALONS-EN-CHAMPAGNE,5029913-13,FRANCE,MOISSY-CRAMAYEL,"FRANCE, MOISSY-CRAMAYEL",48.6246665,2.5957563,288.437,200,300,250,21023570,30357.0,1314.5996,36.4011998232192,7.36175776,3.9437988,690.16479,737.8715463832192,Sea,"[Road, Rail, Sea, Air]"
84,2021-04-12 00:00:00.000,4-2021,3403434,WAREHOUSE PARIS AREA 1,FRANCE,CHALONS-EN-CHAMPAGNE,5003451-51,FRANCE,LEVALLOIS PERRET,"FRANCE, LEVALLOIS PERRET",48.8946404,2.2874191,295.165,180,270,220,21024117,2068.0,85.10528999999997,2.4115298805935996,0.4289306615999999,0.22978428299999995,39.31864397999999,42.38888880519359,Sea,"[Road, Rail, Sea, Air]"
85,2021-04-13 00:00:00.000,4-2021,3403434,WAREHOUSE PARIS AREA 1,FRANCE,CHALONS-EN-CHAMPAGNE,5003269-69,FRANCE,MACON,"FRANCE, MACON",48.878552,2.2801174,478.723,350,450,400,21024558,685.0,20.639499999999995,0.9485379224159999,0.20226709999999995,0.09287774999999998,17.337179999999996,18.580862772415998,Sea,"[Road, Rail, Sea, Air]"
86,2021-04-13 00:00:00.000,4-2021,3403434,WAREHOUSE PARIS AREA 1,FRANCE,CHALONS-EN-CHAMPAGNE,5029913-13,FRANCE,MOISSY-CRAMAYEL,"FRANCE, MOISSY-CRAMAYEL",48.6246665,2.5957563,288.437,200,300,250,21024570,6120.0,406.62,11.25928828224,2.277072,1.21986,213.4755,228.23172028224002,Sea,"[Road, Rail, Sea, Air]"
87,2021-04-14 00:00:00.000,4-2021,3403434,WAREHOUSE PARIS AREA 1,FRANCE,CHALONS-EN-CHAMPAGNE,5002915-15,FRANCE,LES ANGLES,"FRANCE, LES ANGLES",42.5796783,2.04895,765.728,200,500,300,21024808,1246.0,48.17032999999999,3.540995563223039,0.26975384799999996,0.24085164999999997,30.347307899999997,34.398908961223036,Rail,"[Road, Rail, Sea, Air]"
88,2021-04-14 00:00:00.000,4-2021,3403434,WAREHOUSE PARIS AREA 1,FRANCE,CHALONS-EN-CHAMPAGNE,5003269-69,FRANCE,MACON,"FRANCE, MACON",48.878552,2.2801174,478.723,350,450,400,21024819,2.0,53.86725,2.475599186088,0.5278990499999999,0.242402625,45.248490000000004,48.49439086108801,Sea,"[Road, Rail, Sea, Air]"
89,2021-04-14 00:00:00.000,4-2021,3403434,WAREHOUSE PARIS AREA 1,FRANCE,CHALONS-EN-CHAMPAGNE,5029913-13,FRANCE,MOISSY-CRAMAYEL,"FRANCE, MOISSY-CRAMAYEL",48.6246665,2.5957563,288.437,200,300,250,21024753,35274.0,1249.3092,34.5933117811584,6.99613152,3.7479276,655.88733,701.2247009011584,Sea,"[Road, Rail, Sea, Air]"
90,2021-04-15 00:00:00.000,4-2021,3403434,WAREHOUSE PARIS AREA 1,FRANCE,CHALONS-EN-CHAMPAGNE,5003474-74,FRANCE,ORLY,"FRANCE, ORLY",48.7402273,2.402965,287.11,200,300,250,21024966,896.0,26.400599999999997,0.7276681215359999,0.14784335999999998,0.07920179999999999,13.860315,14.815028281536,Sea,"[Road, Rail, Sea, Air]"
91,2021-04-16 00:00:00.000,4-2021,3403434,WAREHOUSE PARIS AREA 1,FRANCE,CHALONS-EN-CHAMPAGNE,5335348-48,UNITED KINGDOM,BRISTOL,"UNITED KINGDOM, BRISTOL",51.468489,-2.5907175,626.0,800,900,850,21002029,790.0,594.08,35.701831680000005,13.307392000000002,5.34672,1060.4328,1114.7887436800002,Sea,"[Road, Rail, Sea, Air]"
92,2021-04-16 00:00:00.000,4-2021,3403434,WAREHOUSE PARIS AREA 1,FRANCE,CHALONS-EN-CHAMPAGNE,5340672-72,FRANCE,BELLEVILLE,"FRANCE, BELLEVILLE",48.8711841,2.3866818,52.694,150,250,200,21001115,14716.0,820.1311999999999,4.1487353714688,3.44455104,2.050328,344.455104,354.0987184114688,Road,"[Road, Rail, Sea, Air]"
93,2021-04-16 00:00:00.000,4-2021,3403434,WAREHOUSE PARIS AREA 1,FRANCE,CHALONS-EN-CHAMPAGNE,5397843-43,FRANCE,SUCY EN BRIE,"FRANCE, SUCY EN BRIE",48.7688096,2.537369,281.488,250,350,400,21025285,7726.0,228.26436,6.16835310409728,1.5978505200000002,0.7989252600000001,191.7420624,200.30719128409729,Sea,"[Road, Rail, Sea, Air]"
94,2021-04-19 00:00:00.000,4-2021,3403434,WAREHOUSE PARIS AREA 1,FRANCE,CHALONS-EN-CHAMPAGNE,5029913-13,FRANCE,MOISSY-CRAMAYEL,"FRANCE, MOISSY-CRAMAYEL",48.6246665,2.5957563,288.437,200,300,250,21025759,6044.0,249.2252,6.9010338251904,1.3956611200000002,0.7476756,130.84323,139.8876005451904,Sea,"[Road, Rail, Sea, Air]"
95,2021-04-20 00:00:00.000,4-2021,3403434,WAREHOUSE PARIS AREA 1,FRANCE,CHALONS-EN-CHAMPAGNE,5029913-13,FRANCE,MOISSY-CRAMAYEL,"FRANCE, MOISSY-CRAMAYEL",48.6246665,2.5957563,288.437,200,300,250,21025948,3600.0,358.08,9.91521801216,2.005248,1.07424,187.992,200.98670601216,Sea,"[Road, Rail, Sea, Air]"
96,2021-04-21 00:00:00.000,4-2021,3403434,WAREHOUSE PARIS AREA 1,FRANCE,CHALONS-EN-CHAMPAGNE,5003476-76,FRANCE,VITRY SUR SEINE,"FRANCE, VITRY SUR SEINE",48.7892629,2.395103,284.851,180,280,220,21026063,1927.0,90.70558,2.48040721618368,0.4571561232,0.253975624,41.905977959999994,45.09751692338367,Sea,"[Road, Rail, Sea, Air]"
97,2021-04-22 00:00:00.000,4-2021,3403434,WAREHOUSE PARIS AREA 1,FRANCE,CHALONS-EN-CHAMPAGNE,5002915-15,FRANCE,LES ANGLES,"FRANCE, LES ANGLES",42.5796783,2.04895,765.728,200,500,300,21026829,814.0,117.3528,8.6265911844864,0.65717568,0.5867640000000001,73.932264,83.8027948644864,Rail,"[Road, Rail, Sea, Air]"
98,2021-04-22 00:00:00.000,4-2021,3403434,WAREHOUSE PARIS AREA 1,FRANCE,CHALONS-EN-CHAMPAGNE,5029913-13,FRANCE,MOISSY-CRAMAYEL,"FRANCE, MOISSY-CRAMAYEL",48.6246665,2.5957563,288.437,200,300,250,21027173,120.0,6.6867,0.18515440203840003,0.03744552,0.020060100000000004,3.5105175,3.7531775220384,Sea,"[Road, Rail, Sea, Air]"
99,2021-04-23 00:00:00.000,4-2021,3403434,WAREHOUSE PARIS AREA 1,FRANCE,CHALONS-EN-CHAMPAGNE,5003451-51,FRANCE,LEVALLOIS PERRET,"FRANCE, LEVALLOIS PERRET",48.8946404,2.2874191,295.165,180,270,220,21027201,1171.0,51.97594999999999,1.472782203048,0.261958788,0.14033506499999998,24.012888899999997,25.887964956047995,Sea,"[Road, Rail, Sea, Air]"
100,2021-04-26 00:00:00.000,4-2021,3403434,WAREHOUSE PARIS AREA 1,FRANCE,CHALONS-EN-CHAMPAGNE,5029913-13,FRANCE,MOISSY-CRAMAYEL,"FRANCE, MOISSY-CRAMAYEL",48.6246665,2.5957563,288.437,200,300,250,21027656,2343.0,204.39249999999998,5.65961851416,1.144598,0.6131774999999999,107.3060625,114.72345651415999,Sea,"[Road, Rail, Sea, Air]"
101,2021-04-27 00:00:00.000,4-2021,3403434,WAREHOUSE PARIS AREA 1,FRANCE,CHALONS-EN-CHAMPAGNE,5029913-13,FRANCE,MOISSY-CRAMAYEL,"FRANCE, MOISSY-CRAMAYEL",48.6246665,2.5957563,288.437,200,300,250,21028018,2740.0,128.56,3.5598202291200005,0.7199360000000001,0.3856800000000001,67.494,72.15943622912,Sea,"[Road, Rail, Sea, Air]"
102,2021-04-27 00:00:00.000,4-2021,3403434,WAREHOUSE PARIS AREA 1,FRANCE,CHALONS-EN-CHAMPAGNE,5340672-72,FRANCE,BELLEVILLE,"FRANCE, BELLEVILLE",48.8711841,2.3866818,52.694,150,250,200,21001492,9600.0,416.88,2.10883917312,1.750896,1.0422,175.0896,179.99153517311998,Road,"[Road, Rail, Sea, Air]"
103,2021-04-27 00:00:00.000,4-2021,3403434,WAREHOUSE PARIS AREA 1,FRANCE,CHALONS-EN-CHAMPAGNE,5340672-72,FRANCE,BELLEVILLE,"FRANCE, BELLEVILLE",48.8711841,2.3866818,52.694,150,250,200,21001494,9056.0,308.2432,1.5592864493568002,1.29462144,0.7706080000000001,129.462144,133.08665988935678,Road,"[Road, Rail, Sea, Air]"
104,2021-04-28 00:00:00.000,4-2021,3403434,WAREHOUSE PARIS AREA 1,FRANCE,CHALONS-EN-CHAMPAGNE,5029913-13,FRANCE,MOISSY-CRAMAYEL,"FRANCE, MOISSY-CRAMAYEL",48.6246665,2.5957563,288.437,200,300,250,21028448,12491.0,393.08259999999996,10.8844383260352,2.20126256,1.1792478,206.36836499999998,220.6333136860352,Sea,"[Road, Rail, Sea, Air]"
105,2021-04-28 00:00:00.000,4-2021,3403434,WAREHOUSE PARIS AREA 1,FRANCE,CHALONS-EN-CHAMPAGNE,5397843-43,FRANCE,SUCY EN BRIE,"FRANCE, SUCY EN BRIE",48.7688096,2.537369,281.488,250,350,400,21025285,1425.0,58.785,1.58853811968,0.411495,0.20574749999999997,49.379400000000004,51.58518061968,Sea,"[Road, Rail, Sea, Air]"
106,2021-04-29 00:00:00.000,4-2021,3403434,WAREHOUSE PARIS AREA 1,FRANCE,CHALONS-EN-CHAMPAGNE,5003269-69,FRANCE,MACON,"FRANCE, MACON",48.878552,2.2801174,478.723,350,450,400,21028868,689.0,28.213489999999997,1.29661887103392,0.276492202,0.126960705,23.699331599999997,25.399403378033917,Sea,"[Road, Rail, Sea, Air]"
107,2021-04-29 00:00:00.000,4-2021,3403434,WAREHOUSE PARIS AREA 1,FRANCE,CHALONS-EN-CHAMPAGNE,5003474-74,FRANCE,ORLY,"FRANCE, ORLY",48.7402273,2.402965,287.11,200,300,250,21028855,1460.0,72.2074,1.9902207949440003,0.40436144,0.21662220000000001,37.908885000000005,40.520089434944005,Sea,"[Road, Rail, Sea, Air]"
108,2021-05-03 00:00:00.000,4-2021,3403434,WAREHOUSE PARIS AREA 1,FRANCE,CHALONS-EN-CHAMPAGNE,5003451-51,FRANCE,LEVALLOIS PERRET,"FRANCE, LEVALLOIS PERRET",48.8946404,2.2874191,295.165,180,270,220,21029926,174.0,14.628,0.4144966675200001,0.07372512,0.0394956,6.758136,7.2858533875200004,Sea,"[Road, Rail, Sea, Air]"
109,2021-05-04 00:00:00.000,4-2021,3403434,WAREHOUSE PARIS AREA 1,FRANCE,CHALONS-EN-CHAMPAGNE,9001746-46,FRANCE,AUBROMETZ,"FRANCE, AUBROMETZ",50.30374929999999,2.1760583,357.151,240,340,290,21030148,606.0,120.10889999999999,4.1181133194144,0.807131808,0.40837025999999993,73.1463201,78.4799354874144,Sea,"[Road, Rail, Sea, Air]"
110,2021-05-06 00:00:00.000,4-2021,3403434,WAREHOUSE PARIS AREA 1,FRANCE,CHALONS-EN-CHAMPAGNE,5029913-13,FRANCE,MOISSY-CRAMAYEL,"FRANCE, MOISSY-CRAMAYEL",48.6246665,2.5957563,288.437,200,300,250,21030373,13758.0,508.7005,14.085892427376,2.8487228,1.5261015,267.0677625,285.528479227376,Sea,"[Road, Rail, Sea, Air]"
111,2021-05-07 00:00:00.000,4-2021,3403434,WAREHOUSE PARIS AREA 1,FRANCE,CHALONS-EN-CHAMPAGNE,5003451-51,FRANCE,LEVALLOIS PERRET,"FRANCE, LEVALLOIS PERRET",48.8946404,2.2874191,295.165,180,270,220,21030962,1858.0,85.58972999999997,2.4252568949231996,0.4313722391999999,0.23109227099999996,39.54245525999999,42.63017666512319,Sea,"[Road, Rail, Sea, Air]"
112,2021-05-07 00:00:00.000,4-2021,3403434,WAREHOUSE PARIS AREA 1,FRANCE,CHALONS-EN-CHAMPAGNE,5003451-51,FRANCE,LEVALLOIS PERRET,"FRANCE, LEVALLOIS PERRET",48.8946404,2.2874191,295.165,180,270,220,21030990,320.0,23.508499999999998,0.66613309464,0.11848283999999998,0.06347295,10.860926999999998,11.709015884639998,Sea,"[Road, Rail, Sea, Air]"
113,2021-05-10 00:00:00.000,5-2021,3403434,WAREHOUSE PARIS AREA 1,FRANCE,CHALONS-EN-CHAMPAGNE,5340672-72,FRANCE,BELLEVILLE,"FRANCE, BELLEVILLE",48.8711841,2.3866818,52.694,150,250,200,21001582,132.0,4076.2933199999998,20.620435219591677,17.120431944,10.1907333,1712.0431944,1759.9747948635916,Road,"[Road, Rail, Sea, Air]"
114,2021-05-10 00:00:00.000,5-2021,3403434,WAREHOUSE PARIS AREA 1,FRANCE,CHALONS-EN-CHAMPAGNE,5340672-72,FRANCE,BELLEVILLE,"FRANCE, BELLEVILLE",48.8711841,2.3866818,52.694,150,250,200,21001583,13.0,401.45313,2.03080043829312,1.686103146,1.003632825,168.6103146,173.33085100929313,Road,"[Road, Rail, Sea, Air]"
115,2021-05-11 00:00:00.000,5-2021,3403434,WAREHOUSE PARIS AREA 1,FRANCE,CHALONS-EN-CHAMPAGNE,5002915-15,FRANCE,LES ANGLES,"FRANCE, LES ANGLES",42.5796783,2.04895,765.728,200,500,300,21031660,1413.0,46.40858,3.41148951803904,0.259888048,0.2320429,29.2374054,33.14082586603904,Rail,"[Road, Rail, Sea, Air]"
116,2021-05-11 00:00:00.000,5-2021,3403434,WAREHOUSE PARIS AREA 1,FRANCE,CHALONS-EN-CHAMPAGNE,5340669-69,GERMANY,PEINE - WOLTORF,"GERMANY, PEINE - WOLTORF",52.304594,10.3125211,856.0,500,600,500,21001592,132.0,4076.2933199999998,334.97347986432,57.06810648,24.45775992,4280.107986,4696.60733226432,Sea,"[Road, Rail, Sea, Air]"
117,2021-05-12 00:00:00.000,5-2021,3403434,WAREHOUSE PARIS AREA 1,FRANCE,CHALONS-EN-CHAMPAGNE,5029913-13,FRANCE,MOISSY-CRAMAYEL,"FRANCE, MOISSY-CRAMAYEL",48.6246665,2.5957563,288.437,200,300,250,21031568,4680.0,398.4,11.0316768768,2.2310399999999997,1.1952,209.16,223.6179168768,Sea,"[Road, Rail, Sea, Air]"
118,2021-05-12 00:00:00.000,5-2021,3403434,WAREHOUSE PARIS AREA 1,FRANCE,CHALONS-EN-CHAMPAGNE,5340669-69,GERMANY,PEINE - WOLTORF,"GERMANY, PEINE - WOLTORF",52.304594,10.3125211,856.0,500,600,500,21001643,28.0,864.66828,71.05498057727999,12.10535592,5.18800968,907.901694,996.25004017728,Sea,"[Road, Rail, Sea, Air]"
119,2021-05-14 00:00:00.000,5-2021,3403434,WAREHOUSE PARIS AREA 1,FRANCE,CHALONS-EN-CHAMPAGNE,5003474-74,FRANCE,ORLY,"FRANCE, ORLY",48.7402273,2.402965,287.11,200,300,250,21032286,1809.0,61.45599999999999,1.6938846873599998,0.34415359999999995,0.18436799999999998,32.264399999999995,34.48680628736,Sea,"[Road, Rail, Sea, Air]"
120,2021-05-17 00:00:00.000,5-2021,3403434,WAREHOUSE PARIS AREA 1,FRANCE,CHALONS-EN-CHAMPAGNE,5029913-13,FRANCE,MOISSY-CRAMAYEL,"FRANCE, MOISSY-CRAMAYEL",48.6246665,2.5957563,288.437,200,300,250,21011469,30735.0,2569.4676199999994,71.14843506335423,14.389018671999995,7.708402859999998,1348.9705004999998,1442.216357095354,Sea,"[Road, Rail, Sea, Air]"
121,2021-05-17 00:00:00.000,5-2021,3403434,WAREHOUSE PARIS AREA 1,FRANCE,CHALONS-EN-CHAMPAGNE,5029913-13,FRANCE,MOISSY-CRAMAYEL,"FRANCE, MOISSY-CRAMAYEL",48.6246665,2.5957563,288.437,200,300,250,21011840,720.0,39.42719999999993,1.0917372754943981,0.22079231999999957,0.11828159999999978,20.699279999999963,22.13009119549436,Sea,"[Road, Rail, Sea, Air]"
122,2021-05-18 00:00:00.000,5-2021,3403434,WAREHOUSE PARIS AREA 1,FRANCE,CHALONS-EN-CHAMPAGNE,5003451-51,FRANCE,LEVALLOIS PERRET,"FRANCE, LEVALLOIS PERRET",48.8946404,2.2874191,295.165,180,270,220,21033036,1240.0,50.344239999999985,1.4265463295615997,0.2537349695999999,0.13592944799999995,23.259038879999995,25.075249627161593,Sea,"[Road, Rail, Sea, Air]"
123,2021-05-18 00:00:00.000,5-2021,3403434,WAREHOUSE PARIS AREA 1,FRANCE,CHALONS-EN-CHAMPAGNE,5006517-17,FRANCE,SERRIS,"FRANCE, SERRIS",48.8453093,2.7873016,256.25,200,300,250,21033180,540.0,33.4095,0.8218737,0.18709320000000002,0.1002285,17.539987500000002,18.649182900000003,Sea,"[Road, Rail, Sea, Air]"
124,2021-05-18 00:00:00.000,5-2021,3403434,WAREHOUSE PARIS AREA 1,FRANCE,CHALONS-EN-CHAMPAGNE,5029913-13,FRANCE,MOISSY-CRAMAYEL,"FRANCE, MOISSY-CRAMAYEL",48.6246665,2.5957563,288.437,200,300,250,21031897,12878.0,601.7081,16.6612684070112,3.3695653599999997,1.8051243,315.8967525,337.73271056701117,Sea,"[Road, Rail, Sea, Air]"
125,2021-05-19 00:00:00.000,5-2021,3403434,WAREHOUSE PARIS AREA 1,FRANCE,CHALONS-EN-CHAMPAGNE,5029913-13,FRANCE,MOISSY-CRAMAYEL,"FRANCE, MOISSY-CRAMAYEL",48.6246665,2.5957563,288.437,200,300,250,21033282,960.0,71.03999999999999,1.96709419008,0.39782399999999996,0.21311999999999998,37.296,39.87403819008,Sea,"[Road, Rail, Sea, Air]"
126,2021-05-19 00:00:00.000,5-2021,3403434,WAREHOUSE PARIS AREA 1,FRANCE,CHALONS-EN-CHAMPAGNE,5340672-72,FRANCE,BELLEVILLE,"FRANCE, BELLEVILLE",48.8711841,2.3866818,52.694,150,250,200,21001651,13200.0,549.3599999999999,2.7790056806399996,2.3073119999999996,1.3733999999999997,230.73119999999994,237.19091768063996,Road,"[Road, Rail, Sea, Air]"
127,2021-05-19 00:00:00.000,5-2021,3403434,WAREHOUSE PARIS AREA 1,FRANCE,CHALONS-EN-CHAMPAGNE,5340672-72,FRANCE,BELLEVILLE,"FRANCE, BELLEVILLE",48.8711841,2.3866818,52.694,150,250,200,21001780,10210.0,765.008,3.8698878289920007,3.2130336,1.9125200000000002,321.30336,330.298801428992,Road,"[Road, Rail, Sea, Air]"
128,2021-05-21 00:00:00.000,5-2021,3403434,WAREHOUSE PARIS AREA 1,FRANCE,CHALONS-EN-CHAMPAGNE,5029913-13,FRANCE,MOISSY-CRAMAYEL,"FRANCE, MOISSY-CRAMAYEL",48.6246665,2.5957563,288.437,200,300,250,21033917,9328.0,302.0936,8.3649572835072,1.69172416,0.9062807999999999,158.59914,169.5621022435072,Sea,"[Road, Rail, Sea, Air]"
129,2021-05-25 00:00:00.000,5-2021,3403434,WAREHOUSE PARIS AREA 1,FRANCE,CHALONS-EN-CHAMPAGNE,5002915-15,FRANCE,LES ANGLES,"FRANCE, LES ANGLES",42.5796783,2.04895,765.728,200,500,300,21028608,1.0,41.38655,3.0423206552064,0.23176468,0.20693275,26.0735265,29.5545445852064,Rail,"[Road, Rail, Sea, Air]"
130,2021-05-25 00:00:00.000,5-2021,3403434,WAREHOUSE PARIS AREA 1,FRANCE,CHALONS-EN-CHAMPAGNE,9066250-50,FRANCE,GAEL,"FRANCE, GAEL",48.1166824,-2.2346397,667.613,300,400,350,21021776,29521.0,1738.3650799999996,111.41329211078784,14.602266671999999,6.95346032,1277.6983337999998,1410.6673529027876,Sea,"[Road, Rail, Sea, Air]"
131,2021-05-25 00:00:00.000,5-2021,3403434,WAREHOUSE PARIS AREA 1,FRANCE,CHALONS-EN-CHAMPAGNE,9066250-50,FRANCE,GAEL,"FRANCE, GAEL",48.1166824,-2.2346397,667.613,300,400,350,21022057,77321.0,4417.77316,283.1388280960397,37.109294543999994,17.671092639999998,3247.0632726,3584.9824878800396,Sea,"[Road, Rail, Sea, Air]"
132,2021-05-26 00:00:00.000,5-2021,3403434,WAREHOUSE PARIS AREA 1,FRANCE,CHALONS-EN-CHAMPAGNE,5029913-13,FRANCE,MOISSY-CRAMAYEL,"FRANCE, MOISSY-CRAMAYEL",48.6246665,2.5957563,288.437,200,300,250,21018152,9940.0,0.0,0.0,0.0,0.0,0.0,0.0,-,"[Road, Rail, Sea, Air]"
133,2021-05-26 00:00:00.000,5-2021,3403434,WAREHOUSE PARIS AREA 1,FRANCE,CHALONS-EN-CHAMPAGNE,5029913-13,FRANCE,MOISSY-CRAMAYEL,"FRANCE, MOISSY-CRAMAYEL",48.6246665,2.5957563,288.437,200,300,250,21027239,11279.0,1037.3585999999998,28.724409840787196,5.809208159999999,3.112075799999999,544.613265,582.2589588007871,Sea,"[Road, Rail, Sea, Air]"
134,2021-05-26 00:00:00.000,5-2021,3403434,WAREHOUSE PARIS AREA 1,FRANCE,CHALONS-EN-CHAMPAGNE,5029913-13,FRANCE,MOISSY-CRAMAYEL,"FRANCE, MOISSY-CRAMAYEL",48.6246665,2.5957563,288.437,200,300,250,21034425,2760.0,164.64,4.55887369728,0.9219839999999999,0.49391999999999997,86.43599999999999,92.41077769728,Sea,"[Road, Rail, Sea, Air]"
135,2021-05-26 00:00:00.000,5-2021,3403434,WAREHOUSE PARIS AREA 1,FRANCE,CHALONS-EN-CHAMPAGNE,5029913-13,FRANCE,MOISSY-CRAMAYEL,"FRANCE, MOISSY-CRAMAYEL",48.6246665,2.5957563,288.437,200,300,250,21034813,4743.0,236.82999999999998,6.55781133216,1.326248,0.71049,124.33574999999999,132.93029933216,Sea,"[Road, Rail, Sea, Air]"
136,2021-05-27 00:00:00.000,5-2021,3403434,WAREHOUSE PARIS AREA 1,FRANCE,CHALONS-EN-CHAMPAGNE,5340672-72,FRANCE,BELLEVILLE,"FRANCE, BELLEVILLE",48.8711841,2.3866818,52.694,150,250,200,21001837,9756.0,570.8832,2.8878834567168004,2.39770944,1.427208,239.77094400000001,246.48374489671681,Road,"[Road, Rail, Sea, Air]"
137,2021-05-27 00:00:00.000,5-2021,3403434,WAREHOUSE PARIS AREA 1,FRANCE,CHALONS-EN-CHAMPAGNE,5340672-72,FRANCE,BELLEVILLE,"FRANCE, BELLEVILLE",48.8711841,2.3866818,52.694,150,250,200,21001838,12600.0,559.0799999999999,2.8281755059199996,2.3481359999999993,1.3977,234.81359999999998,241.38761150591998,Road,"[Road, Rail, Sea, Air]"
138,2021-05-28 00:00:00.000,5-2021,3403434,WAREHOUSE PARIS AREA 1,FRANCE,CHALONS-EN-CHAMPAGNE,5029913-13,FRANCE,MOISSY-CRAMAYEL,"FRANCE, MOISSY-CRAMAYEL",48.6246665,2.5957563,288.437,200,300,250,21034769,33534.0,1171.0212,32.4255208189824,6.5577187200000004,3.5130635999999997,614.78613,657.2824331389824,Sea,"[Road, Rail, Sea, Air]"
139,2021-05-31 00:00:00.000,5-2021,3403434,WAREHOUSE PARIS AREA 1,FRANCE,CHALONS-EN-CHAMPAGNE,5003451-51,FRANCE,LEVALLOIS PERRET,"FRANCE, LEVALLOIS PERRET",48.8946404,2.2874191,295.165,180,270,220,21035518,1030.0,36.65804999999999,1.038736639512,0.18475657199999998,0.09897673499999998,16.9360191,18.258489046512,Sea,"[Road, Rail, Sea, Air]"
140,2021-05-31 00:00:00.000,5-2021,3403434,WAREHOUSE PARIS AREA 1,FRANCE,CHALONS-EN-CHAMPAGNE,5293132-32,FRANCE,HERLIN LE SEC,"FRANCE, HERLIN LE SEC",50.3544288,2.3317656,353.59,230,330,270,21035554,1201.0,50.45635,1.712722636464,0.324938894,0.16650595499999998,28.60875045,30.812917935464,Sea,"[Road, Rail, Sea, Air]"
141,2021-06-01 00:00:00.000,5-2021,3403434,WAREHOUSE PARIS AREA 1,FRANCE,CHALONS-EN-CHAMPAGNE,5340672-72,FRANCE,BELLEVILLE,"FRANCE, BELLEVILLE",48.8711841,2.3866818,52.694,150,250,200,21001913,9100.0,506.24,2.5608778137600003,2.126208,1.2656,212.62080000000003,218.57348581376004,Road,"[Road, Rail, Sea, Air]"
142,2021-06-01 00:00:00.000,5-2021,3403434,WAREHOUSE PARIS AREA 1,FRANCE,CHALONS-EN-CHAMPAGNE,9066250-50,FRANCE,GAEL,"FRANCE, GAEL",48.1166824,-2.2346397,667.613,300,400,350,21022259,28635.0,2870.4386999999997,183.96885041501758,24.111685079999997,11.4817548,2109.7724445,2329.3347347950175,Sea,"[Road, Rail, Sea, Air]"
143,2021-06-02 00:00:00.000,5-2021,3403434,WAREHOUSE PARIS AREA 1,FRANCE,CHALONS-EN-CHAMPAGNE,5002915-15,FRANCE,LES ANGLES,"FRANCE, LES ANGLES",42.5796783,2.04895,765.728,200,500,300,21034333,2.0,75.46029,5.5470774663475195,0.422577624,0.37730145000000004,47.539982699999996,53.886939240347516,Rail,"[Road, Rail, Sea, Air]"
144,2021-06-03 00:00:00.000,5-2021,3403434,WAREHOUSE PARIS AREA 1,FRANCE,CHALONS-EN-CHAMPAGNE,5029913-13,FRANCE,MOISSY-CRAMAYEL,"FRANCE, MOISSY-CRAMAYEL",48.6246665,2.5957563,288.437,200,300,250,21036186,7080.0,257.9726,7.1432489113152,1.44464656,0.7739178,135.435615,144.7974282713152,Sea,"[Road, Rail, Sea, Air]"
145,2021-06-03 00:00:00.000,5-2021,3403434,WAREHOUSE PARIS AREA 1,FRANCE,CHALONS-EN-CHAMPAGNE,5334855-55,UNITED KINGDOM,KENT,"UNITED KINGDOM, KENT",51.1963962,0.7426441,409.0,600,700,650,21004464,500.0,85.0,3.33744,1.4280000000000002,0.5950000000000001,116.02500000000002,121.38544000000002,Sea,"[Road, Rail, Sea, Air]"
146,2021-06-08 00:00:00.000,6-2021,3403434,WAREHOUSE PARIS AREA 1,FRANCE,CHALONS-EN-CHAMPAGNE,5002915-15,FRANCE,LES ANGLES,"FRANCE, LES ANGLES",42.5796783,2.04895,765.728,200,500,300,21037066,1372.0,58.92109999999999,4.331283461836799,0.32995815999999994,0.29460549999999996,37.120293,42.076140121836794,Rail,"[Road, Rail, Sea, Air]"
147,2021-06-08 00:00:00.000,6-2021,3403434,WAREHOUSE PARIS AREA 1,FRANCE,CHALONS-EN-CHAMPAGNE,5003474-74,FRANCE,ORLY,"FRANCE, ORLY",48.7402273,2.402965,287.11,200,300,250,21037055,1761.0,74.61319999999999,2.056530801792,0.41783391999999997,0.2238396,39.171929999999996,41.870134321791994,Sea,"[Road, Rail, Sea, Air]"
148,2021-06-08 00:00:00.000,6-2021,3403434,WAREHOUSE PARIS AREA 1,FRANCE,CHALONS-EN-CHAMPAGNE,5029913-13,FRANCE,MOISSY-CRAMAYEL,"FRANCE, MOISSY-CRAMAYEL",48.6246665,2.5957563,288.437,200,300,250,21027239,660.0,60.0402,1.6625102560704004,0.33622512000000004,0.18012060000000002,31.521105000000002,33.6999609760704,Sea,"[Road, Rail, Sea, Air]"
149,2021-06-08 00:00:00.000,6-2021,3403434,WAREHOUSE PARIS AREA 1,FRANCE,CHALONS-EN-CHAMPAGNE,5029913-13,FRANCE,MOISSY-CRAMAYEL,"FRANCE, MOISSY-CRAMAYEL",48.6246665,2.5957563,288.437,200,300,250,21034769,600.0,23.4,0.6479448767999999,0.13104,0.0702,12.285,13.1341848768,Sea,"[Road, Rail, Sea, Air]"
150,2021-06-09 00:00:00.000,6-2021,3403434,WAREHOUSE PARIS AREA 1,FRANCE,CHALONS-EN-CHAMPAGNE,5029913-13,FRANCE,MOISSY-CRAMAYEL,"FRANCE, MOISSY-CRAMAYEL",48.6246665,2.5957563,288.437,200,300,250,21037208,4180.0,180.49439999999998,4.9978812722688,1.0107686399999998,0.5414831999999999,94.75956,101.30969311226879,Sea,"[Road, Rail, Sea, Air]"
151,2021-06-10 00:00:00.000,6-2021,3403434,WAREHOUSE PARIS AREA 1,FRANCE,CHALONS-EN-CHAMPAGNE,5340672-72,FRANCE,BELLEVILLE,"FRANCE, BELLEVILLE",48.8711841,2.3866818,52.694,150,250,200,21002028,10620.0,761.136,3.8503008368639997,3.1967711999999997,1.9028399999999999,319.67712,328.627032036864,Road,"[Road, Rail, Sea, Air]"
152,2021-06-11 00:00:00.000,6-2021,3403434,WAREHOUSE PARIS AREA 1,FRANCE,CHALONS-EN-CHAMPAGNE,5002915-15,FRANCE,LES ANGLES,"FRANCE, LES ANGLES",42.5796783,2.04895,765.728,200,500,300,21037546,805.0,56.58,4.15918946304,0.31684799999999996,0.2829,35.6454,40.40433746304,Rail,"[Road, Rail, Sea, Air]"
153,2021-06-11 00:00:00.000,6-2021,3403434,WAREHOUSE PARIS AREA 1,FRANCE,CHALONS-EN-CHAMPAGNE,5003451-51,FRANCE,LEVALLOIS PERRET,"FRANCE, LEVALLOIS PERRET",48.8946404,2.2874191,295.165,180,270,220,21037581,585.0,28.405549999999995,0.804895119912,0.14316397199999997,0.076694985,13.123364099999998,14.148118176911998,Sea,"[Road, Rail, Sea, Air]"
154,2021-06-11 00:00:00.000,6-2021,3403434,WAREHOUSE PARIS AREA 1,FRANCE,CHALONS-EN-CHAMPAGNE,5003476-76,FRANCE,VITRY SUR SEINE,"FRANCE, VITRY SUR SEINE",48.7892629,2.395103,284.851,180,280,220,21037588,1821.0,62.277089999999994,1.7030103709046398,0.31387653359999995,0.17437585199999997,28.772015579999998,30.963278336504636,Sea,"[Road, Rail, Sea, Air]"
155,2021-06-15 00:00:00.000,6-2021,3403434,WAREHOUSE PARIS AREA 1,FRANCE,CHALONS-EN-CHAMPAGNE,5029913-13,FRANCE,MOISSY-CRAMAYEL,"FRANCE, MOISSY-CRAMAYEL",48.6246665,2.5957563,288.437,200,300,250,21038108,3300.0,316.08,8.75224002816,1.7700479999999998,0.94824,165.942,177.41252802816,Sea,"[Road, Rail, Sea, Air]"
156,2021-06-17 00:00:00.000,6-2021,3403434,WAREHOUSE PARIS AREA 1,FRANCE,CHALONS-EN-CHAMPAGNE,5029913-13,FRANCE,MOISSY-CRAMAYEL,"FRANCE, MOISSY-CRAMAYEL",48.6246665,2.5957563,288.437,200,300,250,21038785,19110.0,622.346,17.232730867392,3.4851376,1.8670379999999998,326.73165,349.316556467392,Sea,"[Road, Rail, Sea, Air]"
157,2021-06-18 00:00:00.000,6-2021,3403434,WAREHOUSE PARIS AREA 1,FRANCE,CHALONS-EN-CHAMPAGNE,5340672-72,FRANCE,BELLEVILLE,"FRANCE, BELLEVILLE",48.8711841,2.3866818,52.694,150,250,200,21002150,10822.0,631.6543999999999,3.1953021075456003,2.65294848,1.5791359999999999,265.294848,272.7222345875456,Road,"[Road, Rail, Sea, Air]"
158,2021-06-18 00:00:00.000,6-2021,3403434,WAREHOUSE PARIS AREA 1,FRANCE,CHALONS-EN-CHAMPAGNE,5397843-43,FRANCE,SUCY EN BRIE,"FRANCE, SUCY EN BRIE",48.7688096,2.537369,281.488,250,350,400,21038686,2475.0,93.63050000000001,2.5301627696640003,0.6554135000000001,0.32770675000000005,78.64962000000001,82.16290301966401,Sea,"[Road, Rail, Sea, Air]"
159,2021-06-21 00:00:00.000,6-2021,3403434,WAREHOUSE PARIS AREA 1,FRANCE,CHALONS-EN-CHAMPAGNE,5340672-72,FRANCE,BELLEVILLE,"FRANCE, BELLEVILLE",48.8711841,2.3866818,52.694,150,250,200,21002241,7000.0,687.68,3.47871455232,2.8882559999999997,1.7191999999999998,288.8256,296.91177055232004,Road,"[Road, Rail, Sea, Air]"
160,2021-06-21 00:00:00.000,6-2021,3403434,WAREHOUSE PARIS AREA 1,FRANCE,CHALONS-EN-CHAMPAGNE,9066250-50,FRANCE,GAEL,"FRANCE, GAEL",48.1166824,-2.2346397,667.613,300,400,350,21022334,14221.0,1531.4856799999998,98.15421593105664,12.864479712,6.125942719999999,1125.6419747999998,1242.7866131630565,Sea,"[Road, Rail, Sea, Air]"
161,2021-06-22 00:00:00.000,6-2021,3403434,WAREHOUSE PARIS AREA 1,FRANCE,CHALONS-EN-CHAMPAGNE,5029913-13,FRANCE,MOISSY-CRAMAYEL,"FRANCE, MOISSY-CRAMAYEL",48.6246665,2.5957563,288.437,200,300,250,21039330,4500.0,306.54,8.488077886080001,1.7166240000000001,0.9196200000000002,160.9335,172.05782188608,Sea,"[Road, Rail, Sea, Air]"
162,2021-06-22 00:00:00.000,6-2021,3403434,WAREHOUSE PARIS AREA 1,FRANCE,CHALONS-EN-CHAMPAGNE,5340669-69,GERMANY,PEINE - WOLTORF,"GERMANY, PEINE - WOLTORF",52.304594,10.3125211,856.0,500,600,500,21002161,9600.0,416.88,34.25753088,5.83632,2.50128,437.724,480.31913088,Sea,"[Road, Rail, Sea, Air]"
163,2021-06-24 00:00:00.000,6-2021,3403434,WAREHOUSE PARIS AREA 1,FRANCE,CHALONS-EN-CHAMPAGNE,5029913-13,FRANCE,MOISSY-CRAMAYEL,"FRANCE, MOISSY-CRAMAYEL",48.6246665,2.5957563,288.437,200,300,250,21039691,10884.0,442.2712,12.246468298982402,2.4767187200000005,1.3268136000000001,232.19238,248.24238061898242,Sea,"[Road, Rail, Sea, Air]"
164,2021-06-25 00:00:00.000,6-2021,3403434,WAREHOUSE PARIS AREA 1,FRANCE,CHALONS-EN-CHAMPAGNE,5340672-72,FRANCE,BELLEVILLE,"FRANCE, BELLEVILLE",48.8711841,2.3866818,52.694,150,250,200,21002162,9600.0,416.88,2.10883917312,1.750896,1.0422,175.0896,179.99153517311998,Road,"[Road, Rail, Sea, Air]"
165,2021-06-25 00:00:00.000,6-2021,3403434,WAREHOUSE PARIS AREA 1,FRANCE,CHALONS-EN-CHAMPAGNE,5340672-72,FRANCE,BELLEVILLE,"FRANCE, BELLEVILLE",48.8711841,2.3866818,52.694,150,250,200,21002249,9600.0,416.88,2.10883917312,1.750896,1.0422,175.0896,179.99153517311998,Road,"[Road, Rail, Sea, Air]"
166,2021-06-25 00:00:00.000,6-2021,3403434,WAREHOUSE PARIS AREA 1,FRANCE,CHALONS-EN-CHAMPAGNE,5340672-72,FRANCE,BELLEVILLE,"FRANCE, BELLEVILLE",48.8711841,2.3866818,52.694,150,250,200,21002368,14120.0,1104.9759999999999,5.589658113024,4.6408992,2.76244,464.08992,477.082917313024,Road,"[Road, Rail, Sea, Air]"
167,2021-06-28 00:00:00.000,6-2021,3403434,WAREHOUSE PARIS AREA 1,FRANCE,CHALONS-EN-CHAMPAGNE,5002915-15,FRANCE,LES ANGLES,"FRANCE, LES ANGLES",42.5796783,2.04895,765.728,200,500,300,21024888,2128.0,103.89851999999999,7.637568568565759,0.581831712,0.5194926,65.4560676,74.19496048056575,Rail,"[Road, Rail, Sea, Air]"
168,2021-06-29 00:00:00.000,6-2021,3403434,WAREHOUSE PARIS AREA 1,FRANCE,CHALONS-EN-CHAMPAGNE,5003269-69,FRANCE,MACON,"FRANCE, MACON",48.878552,2.2801174,478.723,350,450,400,21042056,986.0,200.97639999999998,9.236354413171199,1.9695687199999996,0.9043937999999999,168.820176,180.9304929331712,Sea,"[Road, Rail, Sea, Air]"
169,2021-06-29 00:00:00.000,6-2021,3403434,WAREHOUSE PARIS AREA 1,FRANCE,CHALONS-EN-CHAMPAGNE,5340669-69,GERMANY,PEINE - WOLTORF,"GERMANY, PEINE - WOLTORF",52.304594,10.3125211,856.0,500,600,500,21002364,9056.0,308.2432,25.3301932032,4.3154048000000005,1.8494592,323.65536000000003,355.15041720320005,Sea,"[Road, Rail, Sea, Air]"
170,2021-06-29 00:00:00.000,6-2021,3403434,WAREHOUSE PARIS AREA 1,FRANCE,CHALONS-EN-CHAMPAGNE,5397843-43,FRANCE,SUCY EN BRIE,"FRANCE, SUCY EN BRIE",48.7688096,2.537369,281.488,250,350,400,21042466,1590.0,32.35080000000001,0.8742107510784002,0.22645560000000006,0.11322780000000002,27.174672000000005,28.388566151078404,Sea,"[Road, Rail, Sea, Air]"
171,2021-07-01 00:00:00.000,6-2021,3403434,WAREHOUSE PARIS AREA 1,FRANCE,CHALONS-EN-CHAMPAGNE,5003474-74,FRANCE,ORLY,"FRANCE, ORLY",48.7402273,2.402965,287.11,200,300,250,21017001,2195.0,105.26729999999999,2.901436272288,0.58949688,0.31580189999999997,55.2653325,59.072067552288,Sea,"[Road, Rail, Sea, Air]"
172,2021-07-01 00:00:00.000,6-2021,3403434,WAREHOUSE PARIS AREA 1,FRANCE,CHALONS-EN-CHAMPAGNE,5003474-74,FRANCE,ORLY,"FRANCE, ORLY",48.7402273,2.402965,287.11,200,300,250,21017024,15899.0,640.5693799999999,17.6557319704128,3.5871885279999995,1.9217081399999996,336.29892449999994,359.46355313841275,Sea,"[Road, Rail, Sea, Air]"
173,2021-07-01 00:00:00.000,6-2021,3403434,WAREHOUSE PARIS AREA 1,FRANCE,CHALONS-EN-CHAMPAGNE,5029913-13,FRANCE,MOISSY-CRAMAYEL,"FRANCE, MOISSY-CRAMAYEL",48.6246665,2.5957563,288.437,200,300,250,21041545,1800.0,93.6,2.5917795071999996,0.52416,0.2808,49.14,52.5367395072,Sea,"[Road, Rail, Sea, Air]"
174,2021-07-02 00:00:00.000,6-2021,3403434,WAREHOUSE PARIS AREA 1,FRANCE,CHALONS-EN-CHAMPAGNE,9066250-50,FRANCE,GAEL,"FRANCE, GAEL",48.1166824,-2.2346397,667.613,300,400,350,21022259,1860.0,110.949,7.110815494752001,0.9319716,0.44379599999999997,81.547515,90.03409809475201,Sea,"[Road, Rail, Sea, Air]"
175,2021-07-05 00:00:00.000,7-2021,3403434,WAREHOUSE PARIS AREA 1,FRANCE,CHALONS-EN-CHAMPAGNE,5002915-15,FRANCE,LES ANGLES,"FRANCE, LES ANGLES",42.5796783,2.04895,765.728,200,500,300,21024956,7982.0,924.50735,67.9604317536768,5.1772411599999995,4.62253675,582.4396304999999,660.1998401636768,Rail,"[Road, Rail, Sea, Air]"
176,2021-07-05 00:00:00.000,7-2021,3403434,WAREHOUSE PARIS AREA 1,FRANCE,CHALONS-EN-CHAMPAGNE,5003476-76,FRANCE,VITRY SUR SEINE,"FRANCE, VITRY SUR SEINE",48.7892629,2.395103,284.851,180,280,220,21017027,14085.0,1082.33477,29.59719759064992,5.454967240799999,3.030537356,500.03866374,538.1213659274499,Sea,"[Road, Rail, Sea, Air]"
177,2021-07-05 00:00:00.000,7-2021,3403434,WAREHOUSE PARIS AREA 1,FRANCE,CHALONS-EN-CHAMPAGNE,5003476-76,FRANCE,VITRY SUR SEINE,"FRANCE, VITRY SUR SEINE",48.7892629,2.395103,284.851,180,280,220,21017041,3794.0,277.96999999999997,7.60128311712,1.4009688,0.778316,128.42214,138.20270791712002,Sea,"[Road, Rail, Sea, Air]"
178,2021-07-06 00:00:00.000,7-2021,3403434,WAREHOUSE PARIS AREA 1,FRANCE,CHALONS-EN-CHAMPAGNE,5029913-13,FRANCE,MOISSY-CRAMAYEL,"FRANCE, MOISSY-CRAMAYEL",48.6246665,2.5957563,288.437,200,300,250,21045794,3540.0,333.84,9.24401357568,1.869504,1.00152,175.266,187.38103757567998,Sea,"[Road, Rail, Sea, Air]"
179,2021-07-06 00:00:00.000,7-2021,3403434,WAREHOUSE PARIS AREA 1,FRANCE,CHALONS-EN-CHAMPAGNE,5340672-72,FRANCE,BELLEVILLE,"FRANCE, BELLEVILLE",48.8711841,2.3866818,52.694,150,250,200,21002434,11730.0,1019.904,5.1593108520960005,4.2835968,2.5497599999999996,428.35967999999997,440.35234765209594,Road,"[Road, Rail, Sea, Air]"
180,2021-07-07 00:00:00.000,7-2021,3403434,WAREHOUSE PARIS AREA 1,FRANCE,CHALONS-EN-CHAMPAGNE,5029913-13,FRANCE,MOISSY-CRAMAYEL,"FRANCE, MOISSY-CRAMAYEL",48.6246665,2.5957563,288.437,200,300,250,21029110,4390.0,194.6062999999999,5.388639105897598,1.0897952799999995,0.5838188999999997,102.16830749999994,109.23056078589754,Sea,"[Road, Rail, Sea, Air]"
181,2021-07-07 00:00:00.000,7-2021,3403434,WAREHOUSE PARIS AREA 1,FRANCE,CHALONS-EN-CHAMPAGNE,5029913-13,FRANCE,MOISSY-CRAMAYEL,"FRANCE, MOISSY-CRAMAYEL",48.6246665,2.5957563,288.437,200,300,250,21040111,83665.0,3691.5395999999996,102.21855433009918,20.67262176,11.074618799999998,1938.05829,2072.024084890099,Sea,"[Road, Rail, Sea, Air]"
182,2021-07-08 00:00:00.000,7-2021,3403434,WAREHOUSE PARIS AREA 1,FRANCE,CHALONS-EN-CHAMPAGNE,5029913-13,FRANCE,MOISSY-CRAMAYEL,"FRANCE, MOISSY-CRAMAYEL",48.6246665,2.5957563,288.437,200,300,250,21046881,720.0,53.279999999999994,1.4753206425599998,0.29836799999999997,0.15983999999999998,27.971999999999998,29.905528642559997,Sea,"[Road, Rail, Sea, Air]"
183,2021-07-12 00:00:00.000,7-2021,3403434,WAREHOUSE PARIS AREA 1,FRANCE,CHALONS-EN-CHAMPAGNE,5002915-15,FRANCE,LES ANGLES,"FRANCE, LES ANGLES",42.5796783,2.04895,765.728,200,500,300,21048591,1.0,41.38655,3.0423206552064,0.23176468,0.20693275,26.0735265,29.5545445852064,Rail,"[Road, Rail, Sea, Air]"
184,2021-07-12 00:00:00.000,7-2021,3403434,WAREHOUSE PARIS AREA 1,FRANCE,CHALONS-EN-CHAMPAGNE,5340669-69,GERMANY,PEINE - WOLTORF,"GERMANY, PEINE - WOLTORF",52.304594,10.3125211,856.0,500,600,500,21002529,10200.0,407.15999999999997,33.458780159999996,5.70024,2.44296,427.518,469.11998015999995,Sea,"[Road, Rail, Sea, Air]"
185,2021-07-12 00:00:00.000,7-2021,3403434,WAREHOUSE PARIS AREA 1,FRANCE,CHALONS-EN-CHAMPAGNE,5340672-72,FRANCE,BELLEVILLE,"FRANCE, BELLEVILLE",48.8711841,2.3866818,52.694,150,250,200,21002518,14076.0,906.9791999999999,4.5880667486207996,3.80931264,2.267448,380.93126399999994,391.5960913886207,Road,"[Road, Rail, Sea, Air]"
186,2021-07-12 00:00:00.000,7-2021,3403434,WAREHOUSE PARIS AREA 1,FRANCE,CHALONS-EN-CHAMPAGNE,5340672-72,FRANCE,BELLEVILLE,"FRANCE, BELLEVILLE",48.8711841,2.3866818,52.694,150,250,200,21002524,13200.0,549.3599999999999,2.7790056806399996,2.3073119999999996,1.3733999999999997,230.73119999999994,237.19091768063996,Road,"[Road, Rail, Sea, Air]"
187,2021-07-13 00:00:00.000,7-2021,3403434,WAREHOUSE PARIS AREA 1,FRANCE,CHALONS-EN-CHAMPAGNE,5029913-13,FRANCE,MOISSY-CRAMAYEL,"FRANCE, MOISSY-CRAMAYEL",48.6246665,2.5957563,288.437,200,300,250,21049500,4500.0,306.54,8.488077886080001,1.7166240000000001,0.9196200000000002,160.9335,172.05782188608,Sea,"[Road, Rail, Sea, Air]"
188,2021-07-15 00:00:00.000,7-2021,3403434,WAREHOUSE PARIS AREA 1,FRANCE,CHALONS-EN-CHAMPAGNE,5006517-17,FRANCE,SERRIS,"FRANCE, SERRIS",48.8453093,2.7873016,256.25,200,300,250,21050564,1212.0,73.813,1.8157998000000002,0.4133528,0.22143900000000002,38.751825000000004,41.20241660000001,Sea,"[Road, Rail, Sea, Air]"
189,2021-07-19 00:00:00.000,7-2021,3403434,WAREHOUSE PARIS AREA 1,FRANCE,CHALONS-EN-CHAMPAGNE,5029913-13,FRANCE,MOISSY-CRAMAYEL,"FRANCE, MOISSY-CRAMAYEL",48.6246665,2.5957563,288.437,200,300,250,21051187,7360.0,273.0926,7.561920985555201,1.52931856,0.8192778000000002,143.373615,153.2841323455552,Sea,"[Road, Rail, Sea, Air]"
190,2021-07-19 00:00:00.000,7-2021,3403434,WAREHOUSE PARIS AREA 1,FRANCE,CHALONS-EN-CHAMPAGNE,5340669-69,GERMANY,PEINE - WOLTORF,"GERMANY, PEINE - WOLTORF",52.304594,10.3125211,856.0,500,600,500,21002631,17390.0,1531.792,125.87653939199998,21.445088,9.190752,1608.3816,1764.893979392,Sea,"[Road, Rail, Sea, Air]"
191,2021-07-21 00:00:00.000,7-2021,3403434,WAREHOUSE PARIS AREA 1,FRANCE,CHALONS-EN-CHAMPAGNE,5029913-13,FRANCE,MOISSY-CRAMAYEL,"FRANCE, MOISSY-CRAMAYEL",48.6246665,2.5957563,288.437,200,300,250,21051816,1600.0,64.0,1.772156928,0.35840000000000005,0.192,33.6,35.922556928,Sea,"[Road, Rail, Sea, Air]"
192,2021-07-22 00:00:00.000,7-2021,3403434,WAREHOUSE PARIS AREA 1,FRANCE,CHALONS-EN-CHAMPAGNE,5003476-76,FRANCE,VITRY SUR SEINE,"FRANCE, VITRY SUR SEINE",48.7892629,2.395103,284.851,180,280,220,21053217,822.0,54.5905,1.492815217488,0.27513612,0.1528534,25.220811,27.141615737488003,Sea,"[Road, Rail, Sea, Air]"
193,2021-07-23 00:00:00.000,7-2021,3403434,WAREHOUSE PARIS AREA 1,FRANCE,CHALONS-EN-CHAMPAGNE,5002915-15,FRANCE,LES ANGLES,"FRANCE, LES ANGLES",42.5796783,2.04895,765.728,200,500,300,21051890,1.0,18.9382,1.3921449609216,0.10605392,0.094691,11.931066,13.5239558809216,Rail,"[Road, Rail, Sea, Air]"
194,2021-07-26 00:00:00.000,7-2021,3403434,WAREHOUSE PARIS AREA 1,FRANCE,CHALONS-EN-CHAMPAGNE,5340672-72,FRANCE,BELLEVILLE,"FRANCE, BELLEVILLE",48.8711841,2.3866818,52.694,150,250,200,21002633,29306.0,2270.7232,11.4867348768768,9.53703744,5.676808,953.703744,980.4043243168768,Road,"[Road, Rail, Sea, Air]"
195,2021-07-27 00:00:00.000,7-2021,3403434,WAREHOUSE PARIS AREA 1,FRANCE,CHALONS-EN-CHAMPAGNE,5003451-51,FRANCE,LEVALLOIS PERRET,"FRANCE, LEVALLOIS PERRET",48.8946404,2.2874191,295.165,180,270,220,21057087,1023.0,41.78529999999999,1.1840215751519998,0.21059791199999994,0.11282030999999998,19.304808599999994,20.812248397151993,Sea,"[Road, Rail, Sea, Air]"
196,2021-07-27 00:00:00.000,7-2021,3403434,WAREHOUSE PARIS AREA 1,FRANCE,CHALONS-EN-CHAMPAGNE,5006517-17,FRANCE,SERRIS,"FRANCE, SERRIS",48.8453093,2.7873016,256.25,200,300,250,21058996,1212.0,73.813,1.8157998000000002,0.4133528,0.22143900000000002,38.751825000000004,41.20241660000001,Sea,"[Road, Rail, Sea, Air]"
197,2021-07-27 00:00:00.000,7-2021,3403434,WAREHOUSE PARIS AREA 1,FRANCE,CHALONS-EN-CHAMPAGNE,5029913-13,FRANCE,MOISSY-CRAMAYEL,"FRANCE, MOISSY-CRAMAYEL",48.6246665,2.5957563,288.437,200,300,250,21056631,1380.0,82.32,2.27943684864,0.46099199999999996,0.24695999999999999,43.217999999999996,46.20538884864,Sea,"[Road, Rail, Sea, Air]"
198,2021-07-28 00:00:00.000,7-2021,3403434,WAREHOUSE PARIS AREA 1,FRANCE,CHALONS-EN-CHAMPAGNE,5029913-13,FRANCE,MOISSY-CRAMAYEL,"FRANCE, MOISSY-CRAMAYEL",48.6246665,2.5957563,288.437,200,300,250,21058596,1200.0,68.268,1.8903376431360002,0.3823008,0.20480399999999999,35.840700000000005,38.318142443136004,Sea,"[Road, Rail, Sea, Air]"
199,2021-07-30 00:00:00.000,7-2021,3403434,WAREHOUSE PARIS AREA 1,FRANCE,CHALONS-EN-CHAMPAGNE,115-15,FRANCE,CLICHY CEDEX,"FRANCE, CLICHY CEDEX",48.9040993,2.3041229,293.858,190,270,230,21000867,99.0,12.699300000000001,0.3582519263424,0.067560276,0.034288110000000004,6.1337619000000005,6.5938622123424,Sea,"[Road, Rail, Sea, Air]"
200,2021-07-30 00:00:00.000,7-2021,3403434,WAREHOUSE PARIS AREA 1,FRANCE,CHALONS-EN-CHAMPAGNE,5335348-48,UNITED KINGDOM,BRISTOL,"UNITED KINGDOM, BRISTOL",51.468489,-2.5907175,626.0,800,900,850,21005078,65.0,1447.6605,86.998605408,32.4275952,13.0289445,2584.0739925,2716.529137608,Sea,"[Road, Rail, Sea, Air]"
201,2021-07-30 00:00:00.000,7-2021,3403434,WAREHOUSE PARIS AREA 1,FRANCE,CHALONS-EN-CHAMPAGNE,5335348-48,UNITED KINGDOM,BRISTOL,"UNITED KINGDOM, BRISTOL",51.468489,-2.5907175,626.0,800,900,850,21005089,160.0,375.67999999999995,22.576865279999996,8.415232,3.3811199999999997,670.5888,704.9620172799999,Sea,"[Road, Rail, Sea, Air]"
202,2021-07-30 00:00:00.000,7-2021,3403434,WAREHOUSE PARIS AREA 1,FRANCE,CHALONS-EN-CHAMPAGNE,5397843-43,FRANCE,SUCY EN BRIE,"FRANCE, SUCY EN BRIE",48.7688096,2.537369,281.488,250,350,400,21055353,4640.0,135.7174,3.6674706711551996,0.9500218,0.4750109,114.00261599999999,119.09511937115519,Sea,"[Road, Rail, Sea, Air]"
203,2021-08-03 00:00:00.000,8-2021,3403434,WAREHOUSE PARIS AREA 1,FRANCE,CHALONS-EN-CHAMPAGNE,5029913-13,FRANCE,MOISSY-CRAMAYEL,"FRANCE, MOISSY-CRAMAYEL",48.6246665,2.5957563,288.437,200,300,250,21070918,3780.0,351.59999999999997,9.7357871232,1.9689599999999998,1.0548,184.59,197.3495471232,Sea,"[Road, Rail, Sea, Air]"
204,2021-08-04 00:00:00.000,8-2021,3403434,WAREHOUSE PARIS AREA 1,FRANCE,CHALONS-EN-CHAMPAGNE,5029913-13,FRANCE,MOISSY-CRAMAYEL,"FRANCE, MOISSY-CRAMAYEL",48.6246665,2.5957563,288.437,200,300,250,21040143,54430.0,2278.3644999999997,63.08780364350398,12.758841199999997,6.835093499999998,1196.1413624999998,1278.8231008435037,Sea,"[Road, Rail, Sea, Air]"
205,2021-08-05 00:00:00.000,8-2021,3403434,WAREHOUSE PARIS AREA 1,FRANCE,CHALONS-EN-CHAMPAGNE,5003476-76,FRANCE,VITRY SUR SEINE,"FRANCE, VITRY SUR SEINE",48.7892629,2.395103,284.851,180,280,220,21017041,96.0,4.8046,0.1313851310016,0.024215184,0.01345288,2.2197252,2.3887783950016,Sea,"[Road, Rail, Sea, Air]"
206,2021-08-05 00:00:00.000,8-2021,3403434,WAREHOUSE PARIS AREA 1,FRANCE,CHALONS-EN-CHAMPAGNE,5340669-69,GERMANY,PEINE - WOLTORF,"GERMANY, PEINE - WOLTORF",52.304594,10.3125211,856.0,500,600,500,21002759,16326.0,745.6512,61.2746330112,10.4391168,4.4739072,782.93376,859.1214170112,Sea,"[Road, Rail, Sea, Air]"
207,2021-08-06 00:00:00.000,8-2021,3403434,WAREHOUSE PARIS AREA 1,FRANCE,CHALONS-EN-CHAMPAGNE,5340672-72,FRANCE,BELLEVILLE,"FRANCE, BELLEVILLE",48.8711841,2.3866818,52.694,150,250,200,21002752,33760.0,2475.4399999999996,12.522320194559997,10.396847999999999,6.188599999999999,1039.6847999999998,1068.7925681945599,Road,"[Road, Rail, Sea, Air]"
208,2021-08-06 00:00:00.000,8-2021,3403434,WAREHOUSE PARIS AREA 1,FRANCE,CHALONS-EN-CHAMPAGNE,5340672-72,FRANCE,BELLEVILLE,"FRANCE, BELLEVILLE",48.8711841,2.3866818,52.694,150,250,200,21002917,44634.0,2957.5008,14.960884526899198,12.421503359999997,7.393751999999999,1242.150336,1276.9264758868992,Road,"[Road, Rail, Sea, Air]"
209,2021-08-09 00:00:00.000,8-2021,3403434,WAREHOUSE PARIS AREA 1,FRANCE,CHALONS-EN-CHAMPAGNE,5340669-69,GERMANY,PEINE - WOLTORF,"GERMANY, PEINE - WOLTORF",52.304594,10.3125211,856.0,500,600,500,21002921,8662.0,463.6064,38.09731952640001,6.4904896,2.7816384,486.78672,534.1561675264,Sea,"[Road, Rail, Sea, Air]"
210,2021-08-11 00:00:00.000,8-2021,3403434,WAREHOUSE PARIS AREA 1,FRANCE,CHALONS-EN-CHAMPAGNE,5029913-13,FRANCE,MOISSY-CRAMAYEL,"FRANCE, MOISSY-CRAMAYEL",48.6246665,2.5957563,288.437,200,300,250,21072933,3780.0,208.22400000000002,5.765712565248001,1.1660544000000002,0.6246720000000001,109.31760000000001,116.87403896524802,Sea,"[Road, Rail, Sea, Air]"
211,2021-08-11 00:00:00.000,8-2021,3403434,WAREHOUSE PARIS AREA 1,FRANCE,CHALONS-EN-CHAMPAGNE,5340669-69,GERMANY,PEINE - WOLTORF,"GERMANY, PEINE - WOLTORF",52.304594,10.3125211,856.0,500,600,500,21002768,9600.0,416.88,34.25753088,5.83632,2.50128,437.724,480.31913088,Sea,"[Road, Rail, Sea, Air]"
212,2021-08-11 00:00:00.000,8-2021,3403434,WAREHOUSE PARIS AREA 1,FRANCE,CHALONS-EN-CHAMPAGNE,5340672-72,FRANCE,BELLEVILLE,"FRANCE, BELLEVILLE",48.8711841,2.3866818,52.694,150,250,200,21002763,9600.0,416.88,2.10883917312,1.750896,1.0422,175.0896,179.99153517311998,Road,"[Road, Rail, Sea, Air]"
213,2021-08-11 00:00:00.000,8-2021,3403434,WAREHOUSE PARIS AREA 1,FRANCE,CHALONS-EN-CHAMPAGNE,5340672-72,FRANCE,BELLEVILLE,"FRANCE, BELLEVILLE",48.8711841,2.3866818,52.694,150,250,200,21003490,9600.0,416.88,2.10883917312,1.750896,1.0422,175.0896,179.99153517311998,Road,"[Road, Rail, Sea, Air]"
214,2021-08-11 00:00:00.000,8-2021,3403434,WAREHOUSE PARIS AREA 1,FRANCE,CHALONS-EN-CHAMPAGNE,5340672-72,FRANCE,BELLEVILLE,"FRANCE, BELLEVILLE",48.8711841,2.3866818,52.694,150,250,200,21003491,30312.0,1982.0063999999998,10.0262251431936,8.324426879999999,4.955016,832.4426879999999,855.7483560231934,Road,"[Road, Rail, Sea, Air]"
215,2021-08-13 00:00:00.000,8-2021,3403434,WAREHOUSE PARIS AREA 1,FRANCE,CHALONS-EN-CHAMPAGNE,5335348-48,UNITED KINGDOM,BRISTOL,"UNITED KINGDOM, BRISTOL",51.468489,-2.5907175,626.0,800,900,850,21005817,184.0,696.2744,41.8433063424,15.596546559999998,6.2664696,1242.849804,1306.5561265024,Sea,"[Road, Rail, Sea, Air]"
216,2021-08-18 00:00:00.000,8-2021,3403434,WAREHOUSE PARIS AREA 1,FRANCE,CHALONS-EN-CHAMPAGNE,5002915-15,FRANCE,LES ANGLES,"FRANCE, LES ANGLES",42.5796783,2.04895,765.728,200,500,300,21076337,1601.0,100.70444999999998,7.402772840601599,0.5639449199999998,0.50352225,63.44380349999999,71.91404351060159,Rail,"[Road, Rail, Sea, Air]"
217,2021-08-18 00:00:00.000,8-2021,3403434,WAREHOUSE PARIS AREA 1,FRANCE,CHALONS-EN-CHAMPAGNE,5029913-13,FRANCE,MOISSY-CRAMAYEL,"FRANCE, MOISSY-CRAMAYEL",48.6246665,2.5957563,288.437,200,300,250,21050053,6030.0,343.04670000000004,9.4989466567584,1.92106152,1.0291401,180.09951750000002,192.5486657767584,Sea,"[Road, Rail, Sea, Air]"
218,2021-08-18 00:00:00.000,8-2021,3403434,WAREHOUSE PARIS AREA 1,FRANCE,CHALONS-EN-CHAMPAGNE,5029913-13,FRANCE,MOISSY-CRAMAYEL,"FRANCE, MOISSY-CRAMAYEL",48.6246665,2.5957563,288.437,200,300,250,21074546,4710.0,241.548,6.688452525696001,1.3526688000000002,0.724644,126.8127,135.57846532569602,Sea,"[Road, Rail, Sea, Air]"
219,2021-08-18 00:00:00.000,8-2021,3403434,WAREHOUSE PARIS AREA 1,FRANCE,CHALONS-EN-CHAMPAGNE,5340669-69,GERMANY,PEINE - WOLTORF,"GERMANY, PEINE - WOLTORF",52.304594,10.3125211,856.0,500,600,500,21003504,9072.0,459.73439999999994,37.7791340544,6.436281599999999,2.7584063999999997,482.7211199999999,529.6949420543999,Sea,"[Road, Rail, Sea, Air]"
220,2021-08-18 00:00:00.000,8-2021,3403434,WAREHOUSE PARIS AREA 1,FRANCE,CHALONS-EN-CHAMPAGNE,5340669-69,GERMANY,PEINE - WOLTORF,"GERMANY, PEINE - WOLTORF",52.304594,10.3125211,856.0,500,600,500,21003590,4960.0,249.248,20.482203648000002,3.489472,1.495488,261.7104,287.177563648,Sea,"[Road, Rail, Sea, Air]"
221,2021-08-19 00:00:00.000,8-2021,3403434,WAREHOUSE PARIS AREA 1,FRANCE,CHALONS-EN-CHAMPAGNE,5029913-13,FRANCE,MOISSY-CRAMAYEL,"FRANCE, MOISSY-CRAMAYEL",48.6246665,2.5957563,288.437,200,300,250,21074348,1380.0,82.32,2.27943684864,0.46099199999999996,0.24695999999999999,43.217999999999996,46.20538884864,Sea,"[Road, Rail, Sea, Air]"
222,2021-08-19 00:00:00.000,8-2021,3403434,WAREHOUSE PARIS AREA 1,FRANCE,CHALONS-EN-CHAMPAGNE,5029913-13,FRANCE,MOISSY-CRAMAYEL,"FRANCE, MOISSY-CRAMAYEL",48.6246665,2.5957563,288.437,200,300,250,21075030,1120.0,107.52,2.97722363904,0.602112,0.32256,56.448,60.34989563904,Sea,"[Road, Rail, Sea, Air]"
223,2021-08-23 00:00:00.000,8-2021,3403434,WAREHOUSE PARIS AREA 1,FRANCE,CHALONS-EN-CHAMPAGNE,5003474-74,FRANCE,ORLY,"FRANCE, ORLY",48.7402273,2.402965,287.11,200,300,250,21077515,922.0,61.39660000000001,1.6922474712960003,0.34382096000000006,0.18418980000000001,32.233215,34.453473231296,Sea,"[Road, Rail, Sea, Air]"
224,2021-08-24 00:00:00.000,8-2021,3403434,WAREHOUSE PARIS AREA 1,FRANCE,CHALONS-EN-CHAMPAGNE,5002915-15,FRANCE,LES ANGLES,"FRANCE, LES ANGLES",42.5796783,2.04895,765.728,200,500,300,21077926,1007.0,58.61245,4.3085946349056,0.32822972,0.29306225,36.925843500000006,41.855730104905604,Rail,"[Road, Rail, Sea, Air]"
225,2021-08-24 00:00:00.000,8-2021,3403434,WAREHOUSE PARIS AREA 1,FRANCE,CHALONS-EN-CHAMPAGNE,5340672-72,FRANCE,BELLEVILLE,"FRANCE, BELLEVILLE",48.8711841,2.3866818,52.694,150,250,200,21003591,12736.0,731.1872,3.6988011184128,3.07098624,1.827968,307.098624,315.6963793584128,Road,"[Road, Rail, Sea, Air]"
226,2021-08-24 00:00:00.000,8-2021,3403434,WAREHOUSE PARIS AREA 1,FRANCE,CHALONS-EN-CHAMPAGNE,5340672-72,FRANCE,BELLEVILLE,"FRANCE, BELLEVILLE",48.8711841,2.3866818,52.694,150,250,200,21003623,6256.0,227.0432,1.1485261805568001,0.95358144,0.567608,95.358144,98.0278596205568,Road,"[Road, Rail, Sea, Air]"
227,2021-08-24 00:00:00.000,8-2021,3403434,WAREHOUSE PARIS AREA 1,FRANCE,CHALONS-EN-CHAMPAGNE,5340672-72,FRANCE,BELLEVILLE,"FRANCE, BELLEVILLE",48.8711841,2.3866818,52.694,150,250,200,21003624,9600.0,416.88,2.10883917312,1.750896,1.0422,175.0896,179.99153517311998,Road,"[Road, Rail, Sea, Air]"
228,2021-08-25 00:00:00.000,8-2021,3403434,WAREHOUSE PARIS AREA 1,FRANCE,CHALONS-EN-CHAMPAGNE,5293132-32,FRANCE,HERLIN LE SEC,"FRANCE, HERLIN LE SEC",50.3544288,2.3317656,353.59,230,330,270,21078778,664.0,44.62167999999999,1.5146668637951994,0.2873636191999999,0.14725154399999998,25.30049256,27.249774586995198,Sea,"[Road, Rail, Sea, Air]"
229,2021-08-25 00:00:00.000,8-2021,3403434,WAREHOUSE PARIS AREA 1,FRANCE,CHALONS-EN-CHAMPAGNE,5340672-72,FRANCE,BELLEVILLE,"FRANCE, BELLEVILLE",48.8711841,2.3866818,52.694,150,250,200,21003647,8960.0,259.84000000000003,1.3144328601600002,1.091328,0.6496000000000001,109.13280000000002,112.18816086016001,Road,"[Road, Rail, Sea, Air]"
230,2021-08-26 00:00:00.000,8-2021,3403434,WAREHOUSE PARIS AREA 1,FRANCE,CHALONS-EN-CHAMPAGNE,5029913-13,FRANCE,MOISSY-CRAMAYEL,"FRANCE, MOISSY-CRAMAYEL",48.6246665,2.5957563,288.437,200,300,250,21077567,4335.0,116.7868,3.2338208862336,0.65400608,0.3503604,61.31307,65.5512573662336,Sea,"[Road, Rail, Sea, Air]"
231,2021-08-30 00:00:00.000,8-2021,3403434,WAREHOUSE PARIS AREA 1,FRANCE,CHALONS-EN-CHAMPAGNE,5003451-51,FRANCE,LEVALLOIS PERRET,"FRANCE, LEVALLOIS PERRET",48.8946404,2.2874191,295.165,180,270,220,21079721,499.0,136.40141,3.8650485295344006,0.6874631064,0.36828380699999996,63.01745142,67.9382468629344,Sea,"[Road, Rail, Sea, Air]"
232,2021-08-30 00:00:00.000,8-2021,3403434,WAREHOUSE PARIS AREA 1,FRANCE,CHALONS-EN-CHAMPAGNE,5003474-74,FRANCE,ORLY,"FRANCE, ORLY",48.7402273,2.402965,287.11,200,300,250,21079664,2636.0,199.7638,5.506001723328,1.11867728,0.5992914,104.875995,112.099965403328,Sea,"[Road, Rail, Sea, Air]"
233,2021-08-30 00:00:00.000,8-2021,3403434,WAREHOUSE PARIS AREA 1,FRANCE,CHALONS-EN-CHAMPAGNE,5003476-76,FRANCE,VITRY SUR SEINE,"FRANCE, VITRY SUR SEINE",48.7892629,2.395103,284.851,180,280,220,21079663,1694.0,104.78245999999999,2.8653492972921595,0.5281035983999999,0.29339088799999996,48.40949651999999,52.09634030369215,Sea,"[Road, Rail, Sea, Air]"
234,2021-08-30 00:00:00.000,8-2021,3403434,WAREHOUSE PARIS AREA 1,FRANCE,CHALONS-EN-CHAMPAGNE,5340672-72,FRANCE,BELLEVILLE,"FRANCE, BELLEVILLE",48.8711841,2.3866818,52.694,150,250,200,21003737,12250.0,1203.4399999999998,6.08775046656,5.054447999999999,3.0085999999999995,505.44479999999993,519.59559846656,Road,"[Road, Rail, Sea, Air]"
235,2021-08-31 00:00:00.000,8-2021,3403434,WAREHOUSE PARIS AREA 1,FRANCE,CHALONS-EN-CHAMPAGNE,5003451-51,FRANCE,LEVALLOIS PERRET,"FRANCE, LEVALLOIS PERRET",48.8946404,2.2874191,295.165,180,270,220,21080082,344.0,80.6242,2.2845544313280004,0.406345968,0.21768534000000003,37.2483804,40.156966139328006,Sea,"[Road, Rail, Sea, Air]"
236,2021-08-31 00:00:00.000,8-2021,3403434,WAREHOUSE PARIS AREA 1,FRANCE,CHALONS-EN-CHAMPAGNE,5293132-32,FRANCE,HERLIN LE SEC,"FRANCE, HERLIN LE SEC",50.3544288,2.3317656,353.59,230,330,270,21078842,155.0,12.0365,0.4085746593599999,0.07751506,0.039720450000000004,6.824695500000001,7.35050566936,Sea,"[Road, Rail, Sea, Air]"
237,2021-09-01 00:00:00.000,8-2021,3403434,WAREHOUSE PARIS AREA 1,FRANCE,CHALONS-EN-CHAMPAGNE,5029913-13,FRANCE,MOISSY-CRAMAYEL,"FRANCE, MOISSY-CRAMAYEL",48.6246665,2.5957563,288.437,200,300,250,21079105,2520.0,146.88,4.06710014976,0.8225279999999999,0.4406399999999999,77.112,82.44226814976,Sea,"[Road, Rail, Sea, Air]"
238,2021-09-02 00:00:00.000,8-2021,3403434,WAREHOUSE PARIS AREA 1,FRANCE,CHALONS-EN-CHAMPAGNE,5003474-74,FRANCE,ORLY,"FRANCE, ORLY",48.7402273,2.402965,287.11,200,300,250,21080584,1586.0,70.37169999999999,1.939624203552,0.39408152,0.2111151,36.945142499999996,39.489963323552,Sea,"[Road, Rail, Sea, Air]"
239,2021-09-02 00:00:00.000,8-2021,3403434,WAREHOUSE PARIS AREA 1,FRANCE,CHALONS-EN-CHAMPAGNE,5029913-13,FRANCE,MOISSY-CRAMAYEL,"FRANCE, MOISSY-CRAMAYEL",48.6246665,2.5957563,288.437,200,300,250,21079639,6935.0,250.7462,6.9431502421824005,1.4041787199999998,0.7522385999999999,131.641755,140.7413225621824,Sea,"[Road, Rail, Sea, Air]"
240,2021-09-03 00:00:00.000,8-2021,3403434,WAREHOUSE PARIS AREA 1,FRANCE,CHALONS-EN-CHAMPAGNE,5003451-51,FRANCE,LEVALLOIS PERRET,"FRANCE, LEVALLOIS PERRET",48.8946404,2.2874191,295.165,180,270,220,21080918,2.0,77.294,2.19019041696,0.38956176,0.2086938,35.709828,38.49827397696,Sea,"[Road, Rail, Sea, Air]"
241,2021-09-03 00:00:00.000,8-2021,3403434,WAREHOUSE PARIS AREA 1,FRANCE,CHALONS-EN-CHAMPAGNE,5003476-76,FRANCE,VITRY SUR SEINE,"FRANCE, VITRY SUR SEINE",48.7892629,2.395103,284.851,180,280,220,21080959,812.0,56.7,1.5505009632,0.28576799999999997,0.15875999999999998,26.195400000000003,28.190428963200002,Sea,"[Road, Rail, Sea, Air]"
242,2021-09-07 00:00:00.000,9-2021,3403434,WAREHOUSE PARIS AREA 1,FRANCE,CHALONS-EN-CHAMPAGNE,5340672-72,FRANCE,BELLEVILLE,"FRANCE, BELLEVILLE",48.8711841,2.3866818,52.694,150,250,200,21003788,10500.0,1031.52,5.21807182848,4.332384,2.5788,433.2384,445.36765582848,Road,"[Road, Rail, Sea, Air]"
243,2021-09-08 00:00:00.000,9-2021,3403434,WAREHOUSE PARIS AREA 1,FRANCE,CHALONS-EN-CHAMPAGNE,5029913-13,FRANCE,MOISSY-CRAMAYEL,"FRANCE, MOISSY-CRAMAYEL",48.6246665,2.5957563,288.437,200,300,250,21080882,10070.0,384.4602,10.6456844839104,2.15297712,1.1533806,201.84160500000002,215.7936472039104,Sea,"[Road, Rail, Sea, Air]"
244,2021-09-08 00:00:00.000,9-2021,3403434,WAREHOUSE PARIS AREA 1,FRANCE,CHALONS-EN-CHAMPAGNE,5340672-72,FRANCE,BELLEVILLE,"FRANCE, BELLEVILLE",48.8711841,2.3866818,52.694,150,250,200,21003787,9000.0,426.59999999999997,2.1580089984,1.79172,1.0665,179.172,184.1882289984,Road,"[Road, Rail, Sea, Air]"
245,2021-09-10 00:00:00.000,9-2021,3403434,WAREHOUSE PARIS AREA 1,FRANCE,CHALONS-EN-CHAMPAGNE,5340669-69,GERMANY,PEINE - WOLTORF,"GERMANY, PEINE - WOLTORF",52.304594,10.3125211,856.0,500,600,500,21003667,9600.0,416.88,34.25753088,5.83632,2.50128,437.724,480.31913088,Sea,"[Road, Rail, Sea, Air]"
246,2021-09-13 00:00:00.000,9-2021,3403434,WAREHOUSE PARIS AREA 1,FRANCE,CHALONS-EN-CHAMPAGNE,5293132-32,FRANCE,HERLIN LE SEC,"FRANCE, HERLIN LE SEC",50.3544288,2.3317656,353.59,230,330,270,21080949,2398.0,113.96212999999999,3.868403476483199,0.7339161171999999,0.37607502899999995,64.61652770999999,69.59492233268318,Sea,"[Road, Rail, Sea, Air]"
247,2021-09-14 00:00:00.000,9-2021,3403434,WAREHOUSE PARIS AREA 1,FRANCE,CHALONS-EN-CHAMPAGNE,5029913-13,FRANCE,MOISSY-CRAMAYEL,"FRANCE, MOISSY-CRAMAYEL",48.6246665,2.5957563,288.437,200,300,250,21081957,960.0,71.03999999999999,1.96709419008,0.39782399999999996,0.21311999999999998,37.296,39.87403819008,Sea,"[Road, Rail, Sea, Air]"
248,2021-09-14 00:00:00.000,9-2021,3403434,WAREHOUSE PARIS AREA 1,FRANCE,CHALONS-EN-CHAMPAGNE,5397843-43,FRANCE,SUCY EN BRIE,"FRANCE, SUCY EN BRIE",48.7688096,2.537369,281.488,250,350,400,21080529,600.0,14.638000000000002,0.39556044902400006,0.10246600000000002,0.05123300000000001,12.295920000000002,12.845179449024002,Sea,"[Road, Rail, Sea, Air]"
249,2021-09-15 00:00:00.000,9-2021,3403434,WAREHOUSE PARIS AREA 1,FRANCE,CHALONS-EN-CHAMPAGNE,5029913-13,FRANCE,MOISSY-CRAMAYEL,"FRANCE, MOISSY-CRAMAYEL",48.6246665,2.5957563,288.437,200,300,250,21082159,11175.0,482.88529999999986,13.371070778505596,2.7041576799999993,1.4486558999999997,253.51478249999994,271.0386668585055,Sea,"[Road, Rail, Sea, Air]"
250,2021-09-16 00:00:00.000,9-2021,3403434,WAREHOUSE PARIS AREA 1,FRANCE,CHALONS-EN-CHAMPAGNE,5002915-15,FRANCE,LES ANGLES,"FRANCE, LES ANGLES",42.5796783,2.04895,765.728,200,500,300,21082333,547.0,66.17999999999999,4.864884387839999,0.37060799999999994,0.33089999999999997,41.69339999999999,47.25979238783999,Rail,"[Road, Rail, Sea, Air]"
251,2021-09-17 00:00:00.000,9-2021,3403434,WAREHOUSE PARIS AREA 1,FRANCE,CHALONS-EN-CHAMPAGNE,5340672-72,FRANCE,BELLEVILLE,"FRANCE, BELLEVILLE",48.8711841,2.3866818,52.694,150,250,200,21003919,12416.0,405.68320000000006,2.0521987719168004,1.7038694400000005,1.0142080000000002,170.38694400000003,175.15722021191684,Road,"[Road, Rail, Sea, Air]"
252,2021-09-20 00:00:00.000,9-2021,3403434,WAREHOUSE PARIS AREA 1,FRANCE,CHALONS-EN-CHAMPAGNE,5003476-76,FRANCE,VITRY SUR SEINE,"FRANCE, VITRY SUR SEINE",48.7892629,2.395103,284.851,180,280,220,21053218,810.0,53.591499999999996,1.4654968671839999,0.27010115999999995,0.1500562,24.759272999999997,26.644927227183995,Sea,"[Road, Rail, Sea, Air]"
253,2021-09-21 00:00:00.000,9-2021,3403434,WAREHOUSE PARIS AREA 1,FRANCE,CHALONS-EN-CHAMPAGNE,5029913-13,FRANCE,MOISSY-CRAMAYEL,"FRANCE, MOISSY-CRAMAYEL",48.6246665,2.5957563,288.437,200,300,250,21082898,3300.0,316.08,8.75224002816,1.7700479999999998,0.94824,165.942,177.41252802816,Sea,"[Road, Rail, Sea, Air]"
254,2021-09-21 00:00:00.000,9-2021,3403434,WAREHOUSE PARIS AREA 1,FRANCE,CHALONS-EN-CHAMPAGNE,5494889-89,FRANCE,GRETZ ARMAINVILLIERS,"FRANCE, GRETZ ARMAINVILLIERS",48.7535864,2.7272277000000003,268.336,180,270,220,21083303,27752.0,966.9982999999999,24.910123759564797,4.873671431999999,2.6108954099999995,446.7532145999999,479.1479052015647,Sea,"[Road, Rail, Sea, Air]"
255,2021-09-23 00:00:00.000,9-2021,3403434,WAREHOUSE PARIS AREA 1,FRANCE,CHALONS-EN-CHAMPAGNE,5029913-13,FRANCE,MOISSY-CRAMAYEL,"FRANCE, MOISSY-CRAMAYEL",48.6246665,2.5957563,288.437,200,300,250,21083282,8789.0,416.57660000000004,11.534986058323202,2.33282896,1.2497298000000001,218.70271500000004,233.82025981832325,Sea,"[Road, Rail, Sea, Air]"
256,2021-09-24 00:00:00.000,9-2021,3402002,WAREHOUSE PARIS AREA 2,FRANCE,MONTMIRAIL,5486697-97,BULGARIA,DOLNI BOGROV,"BULGARIA, DOLNI BOGROV",42.7014624,23.4908111,2163.0,1700,1800,1750,21000095,70000.0,1694.0,351.755712,80.6344,30.491999999999997,6225.45,6688.332112,Sea,"[Road, Rail, Sea, Air]"
257,2021-09-24 00:00:00.000,9-2021,3403434,WAREHOUSE PARIS AREA 1,FRANCE,CHALONS-EN-CHAMPAGNE,5262267-67,MAURITANIA,NOUAKCHOTT,"MAURITANIA, NOUAKCHOTT",18.0671706,-15.9535609,300.0,1200,1300,1250,21000320,752.0,167.906,4.8356928,5.6416416,2.1827780000000003,440.75325,453.4133624,Road,"[Road, Rail, Sea, Air]"
258,2021-09-24 00:00:00.000,9-2021,3403434,WAREHOUSE PARIS AREA 1,FRANCE,CHALONS-EN-CHAMPAGNE,5397843-43,FRANCE,SUCY EN BRIE,"FRANCE, SUCY EN BRIE",48.7688096,2.537369,281.488,250,350,400,21083761,2410.0,87.0076,2.3511931496448,0.6090532,0.3045266,73.086384,76.35115694964479,Sea,"[Road, Rail, Sea, Air]"
259,2021-09-27 00:00:00.000,9-2021,3403434,WAREHOUSE PARIS AREA 1,FRANCE,CHALONS-EN-CHAMPAGNE,5003451-51,FRANCE,LEVALLOIS PERRET,"FRANCE, LEVALLOIS PERRET",48.8946404,2.2874191,295.165,180,270,220,21083706,871.0,50.52863999999999,1.4317714584575998,0.2546643455999999,0.13642732799999996,23.344231679999996,25.167094812057595,Sea,"[Road, Rail, Sea, Air]"
260,2021-09-27 00:00:00.000,9-2021,3403434,WAREHOUSE PARIS AREA 1,FRANCE,CHALONS-EN-CHAMPAGNE,5335348-48,UNITED KINGDOM,BRISTOL,"UNITED KINGDOM, BRISTOL",51.468489,-2.5907175,626.0,800,900,850,21006978,339.0,509.856,30.640306176,11.420774399999999,4.588704,910.09296,956.742744576,Sea,"[Road, Rail, Sea, Air]"
261,2021-09-28 00:00:00.000,9-2021,3403434,WAREHOUSE PARIS AREA 1,FRANCE,CHALONS-EN-CHAMPAGNE,5006517-17,FRANCE,SERRIS,"FRANCE, SERRIS",48.8453093,2.7873016,256.25,200,300,250,21084109,400.0,19.858000000000004,0.4885068000000001,0.11120480000000003,0.059574000000000016,10.425450000000003,11.084735600000004,Sea,"[Road, Rail, Sea, Air]"
262,2021-09-28 00:00:00.000,9-2021,3403434,WAREHOUSE PARIS AREA 1,FRANCE,CHALONS-EN-CHAMPAGNE,5029913-13,FRANCE,MOISSY-CRAMAYEL,"FRANCE, MOISSY-CRAMAYEL",48.6246665,2.5957563,288.437,200,300,250,21083888,1860.0,117.83999999999999,3.2629839436799997,0.6599039999999999,0.35352,61.866,66.14240794368,Sea,"[Road, Rail, Sea, Air]"
263,2021-09-28 00:00:00.000,9-2021,3403434,WAREHOUSE PARIS AREA 1,FRANCE,CHALONS-EN-CHAMPAGNE,5494889-89,FRANCE,GRETZ ARMAINVILLIERS,"FRANCE, GRETZ ARMAINVILLIERS",48.7535864,2.7272277000000003,268.336,180,270,220,21084026,13558.0,573.9897,14.786121613363198,2.8929080879999995,1.5497721899999999,265.1832414,284.4120432913632,Sea,"[Road, Rail, Sea, Air]"
264,2021-09-29 00:00:00.000,9-2021,3403434,WAREHOUSE PARIS AREA 1,FRANCE,CHALONS-EN-CHAMPAGNE,5029913-13,FRANCE,MOISSY-CRAMAYEL,"FRANCE, MOISSY-CRAMAYEL",48.6246665,2.5957563,288.437,200,300,250,21084150,4396.0,129.2776,3.579690538675201,0.7239545600000001,0.38783280000000003,67.87074000000001,72.56221789867521,Sea,"[Road, Rail, Sea, Air]"
265,2021-09-30 00:00:00.000,9-2021,3403434,WAREHOUSE PARIS AREA 1,FRANCE,CHALONS-EN-CHAMPAGNE,5003474-74,FRANCE,ORLY,"FRANCE, ORLY",48.7402273,2.402965,287.11,200,300,250,21083937,2253.0,119.07208999999999,3.2819316249504,0.666803704,0.35721627,62.51284725,66.8187988489504,Sea,"[Road, Rail, Sea, Air]"
266,2021-10-04 00:00:00.000,10-2021,3403434,WAREHOUSE PARIS AREA 1,FRANCE,CHALONS-EN-CHAMPAGNE,5003476-76,FRANCE,VITRY SUR SEINE,"FRANCE, VITRY SUR SEINE",48.7892629,2.395103,284.851,180,280,220,21084209,655.0,32.887,0.899317904352,0.16575048,0.09208359999999999,15.193793999999999,16.350945984352,Sea,"[Road, Rail, Sea, Air]"
267,2021-10-05 00:00:00.000,10-2021,3403434,WAREHOUSE PARIS AREA 1,FRANCE,CHALONS-EN-CHAMPAGNE,5029913-13,FRANCE,MOISSY-CRAMAYEL,"FRANCE, MOISSY-CRAMAYEL",48.6246665,2.5957563,288.437,200,300,250,21084781,2500.0,110.8,3.0680466816000003,0.62048,0.33240000000000003,58.17,62.190926681600004,Sea,"[Road, Rail, Sea, Air]"
268,2021-10-05 00:00:00.000,10-2021,3403434,WAREHOUSE PARIS AREA 1,FRANCE,CHALONS-EN-CHAMPAGNE,5494889-89,FRANCE,GRETZ ARMAINVILLIERS,"FRANCE, GRETZ ARMAINVILLIERS",48.7535864,2.7272277000000003,268.336,180,270,220,21084936,17372.0,711.4575699999999,18.32732913633792,3.585746152799999,1.9209354389999995,328.69339734,352.5274080681379,Sea,"[Road, Rail, Sea, Air]"
269,2021-10-06 00:00:00.000,10-2021,3403434,WAREHOUSE PARIS AREA 1,FRANCE,CHALONS-EN-CHAMPAGNE,5029913-13,FRANCE,MOISSY-CRAMAYEL,"FRANCE, MOISSY-CRAMAYEL",48.6246665,2.5957563,288.437,200,300,250,21085068,2520.0,72.68699999999995,2.0126995410239994,0.40704719999999983,0.21806099999999987,38.160674999999976,40.798482741023975,Sea,"[Road, Rail, Sea, Air]"
270,2021-10-06 00:00:00.000,10-2021,3403434,WAREHOUSE PARIS AREA 1,FRANCE,CHALONS-EN-CHAMPAGNE,5340672-72,FRANCE,BELLEVILLE,"FRANCE, BELLEVILLE",48.8711841,2.3866818,52.694,150,250,200,21004175,12000.0,1893.0,9.575975232000001,7.9506,4.7325,795.0600000000001,817.319075232,Road,"[Road, Rail, Sea, Air]"
271,2021-10-08 00:00:00.000,10-2021,3403434,WAREHOUSE PARIS AREA 1,FRANCE,CHALONS-EN-CHAMPAGNE,5340669-69,GERMANY,PEINE - WOLTORF,"GERMANY, PEINE - WOLTORF",52.304594,10.3125211,856.0,500,600,500,21004201,12000.0,1893.0,155.559168,26.502,11.358,1987.65,2181.069168,Sea,"[Road, Rail, Sea, Air]"
272,2021-10-11 00:00:00.000,10-2021,3403434,WAREHOUSE PARIS AREA 1,FRANCE,CHALONS-EN-CHAMPAGNE,5334855-55,UNITED KINGDOM,KENT,"UNITED KINGDOM, KENT",51.1963962,0.7426441,409.0,600,700,650,21008771,790.0,31.977299999999993,1.2555567071999998,0.5372186399999999,0.22384109999999996,43.64901449999999,45.66563094719999,Sea,"[Road, Rail, Sea, Air]"
273,2021-10-11 00:00:00.000,10-2021,3403434,WAREHOUSE PARIS AREA 1,FRANCE,CHALONS-EN-CHAMPAGNE,5335348-48,UNITED KINGDOM,BRISTOL,"UNITED KINGDOM, BRISTOL",51.468489,-2.5907175,626.0,800,900,850,21008607,108.0,726.462,43.657460351999994,16.2727488,6.538158,1296.7346699999998,1363.2030371519998,Sea,"[Road, Rail, Sea, Air]"
274,2021-10-12 00:00:00.000,10-2021,3403434,WAREHOUSE PARIS AREA 1,FRANCE,CHALONS-EN-CHAMPAGNE,5003476-76,FRANCE,VITRY SUR SEINE,"FRANCE, VITRY SUR SEINE",48.7892629,2.395103,284.851,180,280,220,21086059,1728.0,85.1925,2.32964820648,0.4293702,0.23853899999999997,39.358934999999995,42.356492406479994,Sea,"[Road, Rail, Sea, Air]"
275,2021-10-13 00:00:00.000,10-2021,3403434,WAREHOUSE PARIS AREA 1,FRANCE,CHALONS-EN-CHAMPAGNE,5002915-15,FRANCE,LES ANGLES,"FRANCE, LES ANGLES",42.5796783,2.04895,765.728,200,500,300,21086664,2605.0,106.10490999999998,7.799760050350078,0.5941874959999998,0.5305245499999999,66.84609329999999,75.77056539635007,Rail,"[Road, Rail, Sea, Air]"
276,2021-10-13 00:00:00.000,10-2021,3403434,WAREHOUSE PARIS AREA 1,FRANCE,CHALONS-EN-CHAMPAGNE,5003451-51,FRANCE,LEVALLOIS PERRET,"FRANCE, LEVALLOIS PERRET",48.8946404,2.2874191,295.165,180,270,220,21086094,3003.0,128.29401999999996,3.635318823676799,0.6466018607999998,0.3463938539999999,59.27183723999998,63.90015177847678,Sea,"[Road, Rail, Sea, Air]"
277,2021-10-13 00:00:00.000,10-2021,3403434,WAREHOUSE PARIS AREA 1,FRANCE,CHALONS-EN-CHAMPAGNE,5029913-13,FRANCE,MOISSY-CRAMAYEL,"FRANCE, MOISSY-CRAMAYEL",48.6246665,2.5957563,288.437,200,300,250,21086746,7310.0,227.95180000000002,6.3119744003136,1.2765300800000001,0.6838554000000001,119.67469500000001,127.94705488031362,Sea,"[Road, Rail, Sea, Air]"
278,2021-10-13 00:00:00.000,10-2021,3403434,WAREHOUSE PARIS AREA 1,FRANCE,CHALONS-EN-CHAMPAGNE,5340672-72,FRANCE,BELLEVILLE,"FRANCE, BELLEVILLE",48.8711841,2.3866818,52.694,150,250,200,21004240,6560.0,578.8287999999997,2.928077259571199,2.4310809599999987,1.4470719999999992,243.1080959999999,249.9143262195711,Road,"[Road, Rail, Sea, Air]"
279,2021-10-13 00:00:00.000,10-2021,3403434,WAREHOUSE PARIS AREA 1,FRANCE,CHALONS-EN-CHAMPAGNE,5340672-72,FRANCE,BELLEVILLE,"FRANCE, BELLEVILLE",48.8711841,2.3866818,52.694,150,250,200,21004323,19800.0,824.04,4.168508520960001,3.460968,2.0601,346.0968,355.78637652095995,Road,"[Road, Rail, Sea, Air]"
280,2021-10-15 00:00:00.000,10-2021,3403434,WAREHOUSE PARIS AREA 1,FRANCE,CHALONS-EN-CHAMPAGNE,5006517-17,FRANCE,SERRIS,"FRANCE, SERRIS",48.8453093,2.7873016,256.25,200,300,250,21087556,352.0,26.636,0.6552456,0.1491616,0.079908,13.9839,14.8682152,Sea,"[Road, Rail, Sea, Air]"
281,2021-10-15 00:00:00.000,10-2021,3403434,WAREHOUSE PARIS AREA 1,FRANCE,CHALONS-EN-CHAMPAGNE,5340669-69,GERMANY,PEINE - WOLTORF,"GERMANY, PEINE - WOLTORF",52.304594,10.3125211,856.0,500,600,500,21004325,6000.0,284.4,23.3708544,3.9816,1.7064,298.62,327.6788544,Sea,"[Road, Rail, Sea, Air]"
282,2021-10-15 00:00:00.000,10-2021,3403434,WAREHOUSE PARIS AREA 1,FRANCE,CHALONS-EN-CHAMPAGNE,5340669-69,GERMANY,PEINE - WOLTORF,"GERMANY, PEINE - WOLTORF",52.304594,10.3125211,856.0,500,600,500,21004326,6560.0,578.8287999999997,47.565835468799975,8.103603199999995,3.472972799999998,607.7702399999997,666.9126514687997,Sea,"[Road, Rail, Sea, Air]"
283,2021-10-19 00:00:00.000,10-2021,3403434,WAREHOUSE PARIS AREA 1,FRANCE,CHALONS-EN-CHAMPAGNE,5029913-13,FRANCE,MOISSY-CRAMAYEL,"FRANCE, MOISSY-CRAMAYEL",48.6246665,2.5957563,288.437,200,300,250,21087871,4500.0,306.54,8.488077886080001,1.7166240000000001,0.9196200000000002,160.9335,172.05782188608,Sea,"[Road, Rail, Sea, Air]"
284,2021-10-20 00:00:00.000,10-2021,3403434,WAREHOUSE PARIS AREA 1,FRANCE,CHALONS-EN-CHAMPAGNE,5029913-13,FRANCE,MOISSY-CRAMAYEL,"FRANCE, MOISSY-CRAMAYEL",48.6246665,2.5957563,288.437,200,300,250,21088284,8119.0,386.084,10.690647427968,2.1620703999999997,1.158252,202.69410000000002,216.70506982796803,Sea,"[Road, Rail, Sea, Air]"
285,2021-10-21 00:00:00.000,10-2021,3403434,WAREHOUSE PARIS AREA 1,FRANCE,CHALONS-EN-CHAMPAGNE,5003474-74,FRANCE,ORLY,"FRANCE, ORLY",48.7402273,2.402965,287.11,200,300,250,21088400,552.0,31.239699999999992,0.8610461056319999,0.17494231999999996,0.09371909999999999,16.400842499999996,17.530550025631996,Sea,"[Road, Rail, Sea, Air]"
286,2021-10-26 00:00:00.000,10-2021,3403434,WAREHOUSE PARIS AREA 1,FRANCE,CHALONS-EN-CHAMPAGNE,5340672-72,FRANCE,BELLEVILLE,"FRANCE, BELLEVILLE",48.8711841,2.3866818,52.694,150,250,200,21004398,9040.0,416.7487999999997,2.1081754816511986,1.7503449599999987,1.0418719999999992,175.0344959999999,179.9348884416511,Road,"[Road, Rail, Sea, Air]"
287,2021-10-27 00:00:00.000,10-2021,3403434,WAREHOUSE PARIS AREA 1,FRANCE,CHALONS-EN-CHAMPAGNE,5029913-13,FRANCE,MOISSY-CRAMAYEL,"FRANCE, MOISSY-CRAMAYEL",48.6246665,2.5957563,288.437,200,300,250,21089663,13515.0,493.52419999999995,13.665661408838401,2.76373552,1.4805726,259.10020499999996,277.0101745288384,Sea,"[Road, Rail, Sea, Air]"
288,2021-10-27 00:00:00.000,10-2021,3403434,WAREHOUSE PARIS AREA 1,FRANCE,CHALONS-EN-CHAMPAGNE,5334855-55,UNITED KINGDOM,KENT,"UNITED KINGDOM, KENT",51.1963962,0.7426441,409.0,600,700,650,21009276,450.0,35.3493,1.3879549152000001,0.5938682399999999,0.24744510000000003,48.2517945,50.4810627552,Sea,"[Road, Rail, Sea, Air]"
289,2021-10-28 00:00:00.000,10-2021,3403434,WAREHOUSE PARIS AREA 1,FRANCE,CHALONS-EN-CHAMPAGNE,5397843-43,FRANCE,SUCY EN BRIE,"FRANCE, SUCY EN BRIE",48.7688096,2.537369,281.488,250,350,400,21089497,11831.0,367.7138,9.9366741249024,2.5739966,1.2869983,308.879592,322.6772610249024,Sea,"[Road, Rail, Sea, Air]"
290,2021-11-01 00:00:00.000,10-2021,3403434,WAREHOUSE PARIS AREA 1,FRANCE,CHALONS-EN-CHAMPAGNE,5340669-69,GERMANY,PEINE - WOLTORF,"GERMANY, PEINE - WOLTORF",52.304594,10.3125211,856.0,500,600,500,21004473,4400.0,698.8,57.424588799999995,9.783199999999999,4.1928,733.74,805.1405888,Sea,"[Road, Rail, Sea, Air]"
