product_type,weight,padding_type,length,width,height,surface_area,volume,padding_thickness,new_surface_area,new_volume,diff_volume
electronics,30.41,paper,2.46,0.48,0.22,3.6552,0.259776,0.15205,5.72,4.33,4.07
wood,13.26,bubble_wrap,0.94,0.62,0.09,1.4464,0.052452,0.0663,1.91,1.72,1.67
glass,22.13,paper,0.19,0.1,0.05,0.067,0.00095,0.11065,0.29,0.3,0.3
ceramics,36.66,foam,2.77,0.61,0.05,3.7174,0.084485,0.1833,6.43,5.16,5.08
glass,41.17,foam,1.59,1.21,1.02,9.5598,1.962378,0.20585,12.96,5.15,3.19
glass,43.69,foam,0.34,0.05,0.05,0.073,0.00085,0.21845,0.74,0.54,0.54
plastic,32.36,paper,2.18,1.38,1.3,15.2728,3.91092,0.1618,18.58,7.09,3.18
fabric,18.09,paper,2.14,1.8,1.64,20.6272,6.31728,0.09045,22.7,8,1.68
fabric,28.3,paper,1.01,0.8,0.05,1.797,0.0404,0.1415,2.97,2.14,2.1
wood,10.62,bubble_wrap,2.5,0.98,0.75,10.12,1.8375,0.0531,11.04,5.89,4.05
metal,8.91,bubble_wrap,2.74,0.29,0.05,1.8922,0.03973,0.04455,2.45,3.72,3.68
plastic,8.79,bubble_wrap,2.28,0.76,0.07,3.8912,0.121296,0.04395,4.45,4.22,4.1
wood,20.62,paper,0.81,0.26,0.16,0.7636,0.033696,0.1031,1.33,1.3,1.27
glass,9.3,bubble_wrap,1.06,0.46,0.05,1.1272,0.02438,0.0465,1.43,1.67,1.65
electronics,40.37,foam,1.2,0.6,0.56,3.456,0.4032,0.20185,5.61,2.88,2.48
plastic,47.69,foam,0.09,0.07,0.05,0.0286,0.000315,0.23845,0.57,0.24,0.24
glass,11.78,bubble_wrap,0.14,0.11,0.11,0.0858,0.001694,0.0589,0.19,0.28,0.28
fabric,32.85,paper,1.91,0.77,0.33,4.7102,0.485331,0.16425,6.85,4.18,3.69
wood,3.02,bubble_wrap,0.92,0.07,0.05,0.2278,0.00322,0.0151,0.29,1.05,1.05
wood,10.91,bubble_wrap,1.92,0.06,0.05,0.4284,0.00576,0.05455,0.89,2.2,2.19
plastic,35.87,foam,1.36,1.07,0.69,6.2638,1.004088,0.17935,8.7,3.97,2.97
wood,42.88,foam,1.4,0.19,0.05,0.691,0.0133,0.2144,2.37,2.1,2.09
glass,47.65,foam,0.57,0.2,0.2,0.536,0.0228,0.23825,1.8,1.12,1.1
plastic,8.53,bubble_wrap,1.06,0.64,0.33,2.4788,0.223872,0.04265,2.84,2.14,1.92
glass,41.39,foam,1.07,0.41,0.05,1.0254,0.021935,0.20695,2.55,1.91,1.89
ceramics,16.05,paper,1.14,0.96,0.43,3.9948,0.470592,0.08025,4.85,2.84,2.37
fabric,46.55,foam,1.75,0.86,0.85,7.447,1.27925,0.23275,10.99,4.77,3.49
fabric,18.2,paper,2.97,2.54,0.82,24.124,6.185916,0.091,26.48,11.84,5.65
fabric,19.78,paper,2.34,1.84,0.41,12.0388,1.765296,0.0989,13.91,7.48,5.71
wood,26.44,paper,0.75,0.17,0.17,0.5678,0.021675,0.1322,1.25,1.19,1.17
plastic,30.9,paper,0.82,0.22,0.07,0.5064,0.012628,0.1545,1.34,1.25,1.24
metal,27.6,paper,0.15,0.05,0.05,0.035,0.000375,0.138,0.29,0.25,0.25
glass,12.79,bubble_wrap,1.22,0.59,0.21,2.1998,0.151158,0.06395,2.74,2.27,2.12
electronics,15.16,paper,1.29,1.11,0.57,5.5998,0.816183,0.0758,6.53,3.48,2.66
plastic,20.6,paper,1.95,0.6,0.56,5.196,0.6552,0.103,6.54,3.95,3.29
electronics,4.5,bubble_wrap,1.59,0.51,0.42,3.3858,0.340578,0.0225,3.62,2.87,2.53
fabric,11.15,bubble_wrap,1.6,0.53,0.15,2.335,0.1272,0.05575,2.86,2.72,2.59
fabric,24.58,paper,0.97,0.3,0.24,1.1916,0.06984,0.1229,2.02,1.67,1.6
metal,37.34,foam,0.97,0.17,0.16,0.6946,0.026384,0.1867,1.87,1.54,1.51
ceramics,35.25,foam,2.11,0.32,0.19,2.2738,0.128288,0.17625,4.31,3.43,3.3
glass,44.53,foam,0.53,0.2,0.19,0.4894,0.02014,0.22265,1.61,1.04,1.02
metal,41.36,foam,1.69,1.38,0.17,5.7082,0.396474,0.2068,8.64,4.87,4.47
electronics,38.84,foam,2.74,0.2,0.05,1.39,0.0274,0.1942,3.94,3.95,3.92
plastic,41.17,foam,1.1,0.57,0.09,1.5546,0.05643,0.20585,3.26,2.2,2.14
glass,4.11,bubble_wrap,1.97,1.35,0.11,6.0494,0.292545,0.02055,6.33,4.81,4.52
ceramics,25.97,paper,2.95,2.83,0.77,25.5982,6.428345,0.12985,29.1,12.84,6.41
ceramics,34.31,paper,0.33,0.21,0.06,0.2034,0.004158,0.17155,0.79,0.58,0.58
plastic,19.97,paper,2.44,1.08,0.9,11.6064,2.37168,0.09985,13.43,6.34,3.97
electronics,29.99,paper,0.15,0.15,0.05,0.075,0.001125,0.14995,0.42,0.29,0.29
glass,13.7,bubble_wrap,0.33,0.13,0.07,0.1502,0.003003,0.0685,0.32,0.48,0.48
electronics,15.79,paper,1.78,1.57,0.88,11.4852,2.459248,0.07895,12.86,5.73,3.27
plastic,6.87,bubble_wrap,0.29,0.09,0.09,0.1206,0.002349,0.03435,0.19,0.42,0.42
glass,31.5,paper,0.63,0.1,0.08,0.2428,0.00504,0.1575,0.9,0.91,0.9
fabric,49.65,foam,1.74,0.79,0.29,4.2166,0.398634,0.24825,7.39,4.09,3.69
metal,13.49,bubble_wrap,2.63,2.48,1.49,28.2726,9.718376,0.06745,30.08,10.99,1.27
glass,2.54,bubble_wrap,2.46,1.18,1.11,13.8864,3.222108,0.0127,14.13,6.52,3.3
electronics,22.21,paper,2.46,2.44,1.13,23.0788,6.782712,0.11105,25.83,10.15,3.37
wood,41.02,foam,2.16,1.25,0.39,8.0598,1.053,0.2051,11.43,5.99,4.94
electronics,42.56,foam,2.36,1.71,1.27,18.409,5.125212,0.2128,23.23,8.58,3.45
electronics,35.07,foam,1.75,0.19,0.13,1.1694,0.043225,0.17535,2.81,2.58,2.54
ceramics,4.84,bubble_wrap,1.54,0.49,0.31,2.7678,0.233926,0.0242,3,2.65,2.42
ceramics,12.07,bubble_wrap,2.86,1.67,0.1,10.4584,0.47762,0.06035,11.6,8.01,7.53
fabric,25.4,paper,1.72,0.86,0.48,5.4352,0.710016,0.127,7.09,4.02,3.31
wood,5.81,bubble_wrap,2.17,1.32,1.18,13.9652,3.379992,0.02905,14.51,6.32,2.94
electronics,21.28,paper,0.17,0.09,0.05,0.0566,0.000765,0.1064,0.26,0.27,0.27
electronics,37.02,foam,1.89,0.23,0.14,1.463,0.060858,0.1851,3.34,2.89,2.83
ceramics,2.83,bubble_wrap,2.8,0.68,0.29,5.8264,0.55216,0.01415,6.04,5.04,4.49
electronics,25.63,paper,0.51,0.36,0.26,0.8196,0.047736,0.12815,1.5,1.08,1.03
glass,44.99,foam,0.77,0.42,0.36,1.5036,0.116424,0.22495,3.2,1.77,1.65
fabric,21.92,paper,0.31,0.05,0.05,0.067,0.000775,0.1096,0.32,0.43,0.43
plastic,27.6,paper,2.16,2.02,0.23,10.6492,1.003536,0.138,13.2,7.35,6.35
ceramics,5.09,bubble_wrap,0.16,0.14,0.07,0.0868,0.001568,0.02545,0.13,0.26,0.26
ceramics,20.1,paper,2.76,0.28,0.07,1.9712,0.054096,0.1005,3.28,3.92,3.87
wood,34.92,paper,1.12,0.94,0.48,4.0832,0.505344,0.1746,6.04,3.04,2.53
plastic,4.65,bubble_wrap,0.76,0.08,0.06,0.2224,0.003648,0.02325,0.31,0.9,0.9
plastic,25.74,paper,1.99,0.5,0.13,2.6374,0.12935,0.1287,4.09,3.45,3.32
wood,1.1,bubble_wrap,1.14,0.86,0.56,4.2008,0.549024,0.0055,4.26,2.69,2.14
fabric,30.75,paper,2.73,1.48,1.29,18.9426,5.212116,0.15375,22.47,8.73,3.52
wood,31.26,paper,1.33,0.28,0.06,0.938,0.022344,0.1563,2.13,2.04,2.02
electronics,18.74,paper,0.38,0.16,0.05,0.1756,0.00304,0.0937,0.45,0.55,0.55
plastic,35.43,foam,1.41,1.26,1.22,10.068,2.167452,0.17715,13.01,4.91,2.74
glass,29.07,paper,1.79,0.05,0.05,0.363,0.004475,0.14535,1.59,2.22,2.22
metal,43.81,foam,0.52,0.45,0.43,1.3022,0.10062,0.21905,2.82,1.44,1.34
glass,8.27,bubble_wrap,2.2,2.15,0.47,13.549,2.2231,0.04135,14.36,7.58,5.36
glass,39.97,foam,1.82,1.48,1.16,13.0432,3.124576,0.19985,16.85,6.37,3.25
metal,42.99,foam,2.22,0.59,0.54,5.6544,0.707292,0.21495,8.81,4.72,4.01
glass,26.89,paper,1.66,0.33,0.16,1.7324,0.087648,0.13445,3,2.65,2.56
glass,35.98,foam,2.21,0.77,0.2,4.5954,0.34034,0.1799,7.08,4.68,4.34
plastic,45.86,foam,1.83,0.06,0.05,0.4086,0.00549,0.2293,2.5,2.48,2.47
plastic,18.95,paper,1.45,0.99,0.05,3.115,0.071775,0.09475,4.11,3.18,3.11
fabric,41.61,foam,1.85,0.36,0.33,2.7906,0.21978,0.20805,5.16,3.35,3.13
electronics,31.75,paper,0.14,0.07,0.05,0.0406,0.00049,0.15875,0.36,0.26,0.26
glass,41.06,foam,1.21,0.89,0.73,5.2198,0.786137,0.2053,7.8,3.49,2.7
glass,1.01,bubble_wrap,1,0.65,0.53,3.049,0.3445,0.00505,3.09,2.19,1.85
electronics,47.48,foam,0.68,0.55,0.34,1.5844,0.12716,0.2374,3.41,1.74,1.61
wood,39.47,foam,1.85,0.81,0.26,4.3802,0.38961,0.19735,6.92,4.17,3.78
metal,18.14,paper,0.74,0.55,0.15,1.201,0.06105,0.0907,1.77,1.42,1.36
plastic,36.48,foam,0.46,0.39,0.19,0.6818,0.034086,0.1824,1.64,1.02,0.99
metal,1.27,bubble_wrap,0.62,0.23,0.18,0.5912,0.025668,0.00635,0.62,0.95,0.92
metal,33.03,paper,2.86,0.13,0.09,1.2818,0.033462,0.16515,3.48,3.84,3.81
fabric,38.77,foam,1.31,0.98,0.53,4.995,0.680414,0.19385,7.41,3.61,2.93
electronics,49.46,foam,0.23,0.05,0.05,0.051,0.000575,0.2473,0.74,0.42,0.42
plastic,11.63,bubble_wrap,1.96,0.13,0.05,0.7186,0.01274,0.05815,1.24,2.39,2.38
electronics,20.8,paper,0.48,0.05,0.05,0.101,0.0012,0.104,0.41,0.62,0.62
ceramics,27.81,paper,1.23,0.38,0.12,1.3212,0.056088,0.13905,2.4,2.06,2
electronics,5.46,bubble_wrap,1,0.67,0.44,2.8096,0.2948,0.0273,3.04,2.16,1.87
fabric,26.45,paper,0.59,0.36,0.08,0.5768,0.016992,0.13225,1.23,1.03,1.01
glass,29.09,paper,1.42,0.56,0.07,1.8676,0.055664,0.14545,3.19,2.59,2.53
metal,21.34,paper,1.15,0.06,0.05,0.259,0.00345,0.1067,0.87,1.41,1.41
plastic,31.4,paper,0.81,0.51,0.39,1.8558,0.161109,0.157,3.08,1.84,1.68
fabric,8.21,bubble_wrap,1.78,1.48,0.8,10.4848,2.10752,0.04105,11.16,5.35,3.24
fabric,24.92,paper,1.61,0.76,0.47,4.675,0.575092,0.1246,6.18,3.61,3.03
electronics,31.27,paper,1.93,1.2,0.26,6.2596,0.60216,0.15635,8.53,5.02,4.42
wood,16.11,paper,2.22,1.2,0.64,9.7056,1.70496,0.08055,11.05,5.81,4.11
glass,39.56,foam,2.86,0.24,0.16,2.3648,0.109824,0.1978,5.18,4.36,4.25
metal,10.03,bubble_wrap,2.14,2.12,0.78,15.7192,3.538704,0.05015,16.75,7.67,4.13
electronics,1.74,bubble_wrap,1.32,0.66,0.6,4.1184,0.52272,0.0087,4.21,2.81,2.29
glass,6.01,bubble_wrap,2.42,1.18,1.04,13.1992,2.969824,0.03005,13.76,6.42,3.45
fabric,11.31,bubble_wrap,1.71,0.53,0.45,3.8286,0.407835,0.05655,4.46,3.2,2.79
electronics,17.1,paper,2.93,1.19,1.11,16.1198,3.870237,0.0855,17.95,7.89,4.02
electronics,36.48,foam,2.91,0.05,0.05,0.587,0.007275,0.1824,2.98,3.68,3.67
glass,6.42,bubble_wrap,1.81,1.23,0.27,6.0942,0.601101,0.0321,6.53,4.4,3.8
electronics,36.81,foam,2.95,1.09,0.55,10.875,1.768525,0.18405,14.46,7.49,5.72
electronics,15.34,paper,0.88,0.46,0.39,1.8548,0.157872,0.0767,2.42,1.78,1.62
glass,37.19,foam,0.78,0.49,0.2,1.2724,0.07644,0.18595,2.57,1.63,1.55
electronics,9.68,bubble_wrap,1.71,1.27,0.77,8.9326,1.672209,0.0484,9.67,4.8,3.13
plastic,17.75,paper,2.88,2.77,0.67,23.5262,5.344992,0.08875,25.82,12.04,6.7
plastic,26.99,paper,1.68,1.43,0.27,6.4842,0.648648,0.13495,8.42,4.79,4.14
wood,24.74,paper,1.17,0.32,0.17,1.2554,0.063648,0.1237,2.17,1.91,1.85
glass,40.9,foam,1.49,0.33,0.27,1.9662,0.132759,0.2045,3.93,2.67,2.54
glass,26.3,paper,0.65,0.25,0.2,0.685,0.0325,0.1315,1.37,1.15,1.12
metal,4.96,bubble_wrap,0.12,0.06,0.05,0.0324,0.00036,0.0248,0.06,0.18,0.18
fabric,44.58,foam,0.67,0.41,0.36,1.327,0.098892,0.2229,2.91,1.6,1.5
fabric,19.63,paper,0.84,0.29,0.11,0.7358,0.026796,0.09815,1.28,1.31,1.28
fabric,26.01,paper,1.55,0.7,0.53,4.555,0.57505,0.13005,6.1,3.47,2.89
ceramics,29.86,paper,0.82,0.27,0.16,0.7916,0.035424,0.1493,1.67,1.39,1.35
wood,38.65,foam,1.33,0.34,0.33,2.0066,0.149226,0.19325,3.78,2.47,2.32
fabric,44.02,foam,0.23,0.05,0.05,0.051,0.000575,0.2201,0.63,0.4,0.4
plastic,41.14,foam,0.35,0.23,0.1,0.277,0.00805,0.2057,1.09,0.69,0.68
metal,37.89,foam,1.66,0.31,0.18,1.7384,0.092628,0.18945,3.58,2.76,2.67
wood,14.21,bubble_wrap,1.8,1.06,0.95,9.25,1.8126,0.07105,10.36,4.87,3.06
metal,16.57,paper,0.13,0.07,0.05,0.0382,0.000455,0.08285,0.16,0.21,0.21
wood,8.02,bubble_wrap,1.3,0.82,0.58,4.5912,0.61828,0.0401,5.03,3.03,2.41
plastic,33.49,paper,0.24,0.15,0.05,0.111,0.0018,0.16745,0.57,0.42,0.42
metal,40.76,foam,2.73,2.44,1.06,24.2828,7.060872,0.2038,29.61,11.55,4.49
plastic,3.06,bubble_wrap,2.11,0.54,0.35,4.1338,0.39879,0.0153,4.32,3.64,3.24
wood,43.59,foam,1.82,0.8,0.78,6.9992,1.13568,0.21795,10.25,4.67,3.53
plastic,16.28,paper,2.16,0.92,0.1,4.5904,0.19872,0.0814,5.67,4.5,4.3
metal,40.95,foam,1.9,1.62,0.34,8.5496,1.04652,0.20475,11.96,6.08,5.03
ceramics,45.93,foam,0.99,0.76,0.14,1.9948,0.105336,0.22965,4.05,2.34,2.23
electronics,19.22,paper,1.15,0.73,0.18,2.3558,0.15111,0.0961,3.2,2.36,2.21
plastic,38.13,foam,1.16,0.36,0.24,1.5648,0.100224,0.19065,3.13,2.14,2.04
wood,45.74,foam,1.66,0.1,0.08,0.6136,0.01328,0.2287,2.61,2.36,2.35
fabric,15.07,paper,0.79,0.07,0.05,0.1966,0.002765,0.07535,0.5,0.97,0.97
glass,20.45,paper,0.44,0.23,0.13,0.3766,0.013156,0.10225,0.77,0.75,0.74
glass,9.03,bubble_wrap,0.54,0.31,0.06,0.4368,0.010044,0.04515,0.61,0.81,0.8
wood,23.59,paper,1.67,1.65,0.63,9.6942,1.735965,0.11795,11.64,5.46,3.72
electronics,10.28,bubble_wrap,0.45,0.19,0.05,0.235,0.004275,0.0514,0.39,0.62,0.62
ceramics,33.08,paper,0.07,0.05,0.05,0.019,0.000175,0.1654,0.3,0.17,0.17
fabric,21.44,paper,2.2,1.48,0.64,11.2224,2.08384,0.1072,13.14,6.5,4.42
plastic,32.74,paper,1.5,0.4,0.26,2.188,0.156,0.1637,3.76,2.7,2.54
glass,5.92,bubble_wrap,0.45,0.42,0.14,0.6216,0.02646,0.0296,0.75,0.81,0.78
glass,45.37,foam,0.06,0.05,0.05,0.017,0.00015,0.22685,0.47,0.19,0.19
plastic,39.64,foam,1.19,0.27,0.22,1.285,0.070686,0.1982,2.85,2.06,1.99
electronics,30.56,paper,2.51,0.06,0.05,0.5582,0.00753,0.1528,2.3,3.13,3.12
fabric,22.51,paper,2.2,1.4,0.37,8.824,1.1396,0.11255,10.69,6.07,4.93
plastic,37.58,foam,2.78,2.28,0.31,15.814,1.964904,0.1879,20.06,10.41,8.45
wood,46.69,foam,1.96,1.93,1.74,21.1028,6.582072,0.23345,26.69,8.45,1.87
ceramics,31.25,paper,1.51,1.26,0.56,6.9076,1.065456,0.15625,9.14,4.43,3.36
wood,14.79,bubble_wrap,2.08,0.78,0.34,5.1896,0.551616,0.07395,6.17,4.26,3.71
fabric,29.07,paper,2.35,0.67,0.1,3.753,0.15745,0.14535,5.69,4.48,4.32
electronics,2.82,bubble_wrap,2.47,2.3,0.54,16.5136,3.06774,0.0141,16.81,8.76,5.69
electronics,8.37,bubble_wrap,2.83,2.35,0.3,16.409,1.99515,0.04185,17.34,10,8
wood,33.09,paper,2.01,0.61,0.18,3.3954,0.220698,0.16545,5.41,3.88,3.66
electronics,7.45,bubble_wrap,0.19,0.18,0.05,0.1054,0.00171,0.03725,0.18,0.29,0.29
metal,9.42,bubble_wrap,2.75,2.16,0.86,20.3252,5.1084,0.0471,21.43,9.78,4.67
fabric,11.68,bubble_wrap,0.66,0.23,0.11,0.4994,0.016698,0.0584,0.75,0.98,0.96
wood,41.97,foam,1.23,0.86,0.33,3.495,0.349074,0.20985,5.79,3.1,2.75
glass,39.87,foam,1.99,1.65,1.61,18.2878,5.286435,0.19935,22.71,7.65,2.36
fabric,32.65,paper,2.49,0.69,0.19,4.6446,0.326439,0.16325,7.01,4.94,4.61
fabric,6.3,bubble_wrap,1.96,0.26,0.14,1.6408,0.071344,0.0315,1.94,2.68,2.61
electronics,48.4,foam,1.64,0.08,0.05,0.4344,0.00656,0.242,2.5,2.3,2.29
glass,1,bubble_wrap,2.31,0.36,0.27,3.105,0.224532,0.005,3.16,3.42,3.2
metal,9.09,bubble_wrap,2.33,0.95,0.51,7.7726,1.128885,0.04545,8.47,5.2,4.07
ceramics,31.32,paper,0.14,0.05,0.05,0.033,0.00035,0.1566,0.33,0.25,0.25
ceramics,30.27,paper,1.81,0.3,0.05,1.297,0.02715,0.15135,2.74,2.75,2.72
plastic,30.6,paper,1.06,0.18,0.14,0.7288,0.026712,0.153,1.71,1.6,1.57
wood,14.27,bubble_wrap,0.61,0.57,0.42,1.6866,0.146034,0.07135,2.17,1.47,1.32
fabric,43.06,foam,2.83,1.39,0.13,8.9646,0.511381,0.2153,12.99,7.85,7.34
glass,30.5,paper,1.13,0.66,0.27,2.4582,0.201366,0.1525,3.85,2.44,2.24
electronics,36.49,foam,0.39,0.35,0.23,0.6134,0.031395,0.18245,1.52,0.92,0.89
fabric,40.92,foam,2.84,0.72,0.47,7.436,0.961056,0.2046,10.99,6.13,5.17
ceramics,1.52,bubble_wrap,0.45,0.42,0.05,0.465,0.00945,0.0076,0.49,0.7,0.69
electronics,25.62,paper,1.91,1.01,0.92,9.231,1.774772,0.1281,11.3,5.15,3.38
electronics,24.62,paper,0.18,0.05,0.05,0.041,0.00045,0.1231,0.27,0.28,0.28
electronics,36.52,foam,1.62,1.01,0.32,4.9556,0.523584,0.1826,7.31,4.09,3.57
ceramics,19.07,paper,1.78,1.77,0.54,10.1352,1.701324,0.09535,11.75,5.82,4.12
wood,19.82,paper,1.94,0.95,0.79,8.2522,1.45597,0.0991,9.77,4.87,3.41
fabric,5.54,bubble_wrap,2.22,0.2,0.05,1.13,0.0222,0.0277,1.41,2.78,2.76
glass,43.05,foam,0.07,0.05,0.05,0.019,0.000175,0.21525,0.44,0.2,0.2
metal,37.81,foam,0.47,0.07,0.05,0.1198,0.001645,0.18905,0.78,0.69,0.69
metal,32.14,paper,2.06,0.17,0.05,0.9234,0.01751,0.1607,2.54,2.84,2.82
metal,48.31,foam,0.73,0.23,0.05,0.4318,0.008395,0.24155,1.76,1.24,1.23
ceramics,44.21,foam,1.25,1.19,0.05,3.219,0.074375,0.22105,5.71,3.38,3.31
fabric,2.34,bubble_wrap,0.81,0.44,0.24,1.3128,0.085536,0.0117,1.38,1.42,1.33
glass,9.88,bubble_wrap,2.51,1.25,1.12,14.6974,3.514,0.0494,15.68,6.96,3.45
glass,5.59,bubble_wrap,2,0.05,0.05,0.405,0.005,0.02795,0.64,2.21,2.21
electronics,9.8,bubble_wrap,0.38,0.27,0.19,0.4522,0.019494,0.049,0.63,0.71,0.69
glass,20.75,paper,2.21,1.56,1.43,17.6774,4.930068,0.10375,19.9,7.49,2.56
wood,40.47,foam,1.19,1.16,0.25,3.9358,0.3451,0.20235,6.29,3.34,2.99
glass,20.72,paper,0.91,0.19,0.08,0.5218,0.013832,0.1036,1.08,1.29,1.28
plastic,20.51,paper,2.33,0.48,0.36,4.26,0.402624,0.10255,5.62,4.11,3.71
electronics,10.25,bubble_wrap,0.78,0.33,0.25,1.0698,0.06435,0.05125,1.36,1.35,1.29
fabric,4.33,bubble_wrap,2.34,2.11,2.03,27.9418,10.022922,0.02165,28.51,9.4,-0.62
glass,7.39,bubble_wrap,1.76,1.2,0.22,5.5264,0.46464,0.03695,6,4.2,3.74
glass,19.6,paper,2.17,0.31,0.09,1.7918,0.060543,0.098,2.86,3.19,3.13
electronics,32.63,paper,1.35,0.99,0.56,5.2938,0.74844,0.16315,7.35,3.65,2.9
glass,28.35,paper,2.18,1.5,0.5,10.22,1.635,0.14175,12.71,6.49,4.86
fabric,33.86,paper,0.67,0.23,0.19,0.6502,0.029279,0.1693,1.56,1.2,1.17
wood,13.1,bubble_wrap,2.08,0.9,0.61,7.3796,1.14192,0.0655,8.35,4.76,3.62
ceramics,1.19,bubble_wrap,1.74,1.25,0.26,5.9048,0.5655,0.00595,5.98,4.19,3.62
fabric,23.69,paper,2.29,1.73,0.29,10.255,1.148893,0.11845,12.38,7.03,5.88
metal,37.06,foam,0.44,0.23,0.08,0.3096,0.008096,0.1853,1.07,0.78,0.77
plastic,14.34,bubble_wrap,0.97,0.47,0.2,1.4878,0.09118,0.0717,1.99,1.73,1.64
wood,18.75,paper,1.16,0.84,0.45,3.7488,0.43848,0.09375,4.72,2.78,2.34
plastic,17.14,paper,1.71,0.62,0.51,4.497,0.540702,0.0857,5.51,3.49,2.95
plastic,3.15,bubble_wrap,0.82,0.58,0.3,1.7912,0.14268,0.01575,1.9,1.62,1.48
wood,13.84,bubble_wrap,2.75,1.67,1.57,23.0638,7.210225,0.0692,24.75,9.22,2.01
fabric,22.08,paper,2.17,0.99,0.69,8.6574,1.482327,0.1104,10.43,5.37,3.89
wood,27.91,paper,0.41,0.17,0.17,0.3366,0.011849,0.13955,0.87,0.75,0.74
wood,28.01,paper,2.53,0.2,0.05,1.285,0.0253,0.14005,2.96,3.49,3.46
plastic,8.28,bubble_wrap,1.14,0.06,0.06,0.2808,0.004104,0.0414,0.5,1.32,1.32
glass,38.39,foam,1.08,0.44,0.15,1.4064,0.07128,0.19195,2.91,2.03,1.96
fabric,12.11,bubble_wrap,1.73,0.75,0.6,5.571,0.7785,0.06055,6.34,3.78,3
plastic,40.02,foam,2.09,0.49,0.26,3.3898,0.266266,0.2001,5.9,3.93,3.66
wood,15.56,paper,0.78,0.65,0.43,2.2438,0.21801,0.0778,2.86,1.83,1.61
fabric,24.52,paper,2.94,0.9,0.83,11.6664,2.19618,0.1226,14.05,6.9,4.7
wood,18.46,paper,0.11,0.05,0.05,0.027,0.000275,0.0923,0.16,0.19,0.19
electronics,16.89,paper,0.86,0.26,0.19,0.8728,0.042484,0.08445,1.36,1.38,1.34
wood,40.9,foam,1.33,1.32,0.62,6.7972,1.088472,0.2045,9.72,4.29,3.2
plastic,31.07,paper,1,0.65,0.05,1.465,0.0325,0.15535,2.67,1.98,1.95
glass,48.62,foam,1.71,0.71,0.05,2.6702,0.060705,0.2431,5.43,3.62,3.56
glass,32.81,paper,2.5,2.44,0.37,15.8556,2.257,0.16405,19.5,9.81,7.55
wood,29.76,paper,2.7,1.62,0.54,13.4136,2.36196,0.1488,16.44,8.28,5.92
plastic,10.65,bubble_wrap,2.83,2.59,1.93,35.5806,14.146321,0.05325,37.16,12.38,-1.77
plastic,41.03,foam,1.7,1.54,1.45,14.632,3.7961,0.20515,18.73,6.47,2.67
metal,26.92,paper,2.27,1.06,0.93,11.0062,2.237766,0.1346,13.41,6.07,3.83
glass,4.12,bubble_wrap,1.06,0.05,0.05,0.217,0.00265,0.0206,0.32,1.19,1.19
wood,41.73,foam,1.03,0.89,0.66,4.3678,0.605022,0.20865,6.78,3.05,2.44
glass,37.66,foam,1.6,0.89,0.43,4.9894,0.61232,0.1883,7.4,3.96,3.35
ceramics,3.1,bubble_wrap,2.35,0.92,0.22,5.7628,0.47564,0.0155,5.98,4.78,4.3
glass,9.52,bubble_wrap,2.92,1.08,0.09,7.0272,0.283824,0.0476,7.82,6.36,6.08
metal,23.38,paper,0.7,0.45,0.11,0.883,0.03465,0.1169,1.55,1.27,1.24
fabric,42.74,foam,2.91,2.76,0.18,18.1044,1.445688,0.2137,23.38,12.38,10.93
wood,8.35,bubble_wrap,2.2,1.6,0.12,7.952,0.4224,0.04175,8.62,6,5.58
fabric,8.21,bubble_wrap,2.64,2.32,0.06,12.8448,0.367488,0.04105,13.68,9.03,8.66
metal,13.21,bubble_wrap,0.81,0.65,0.49,2.4838,0.257985,0.06605,3.03,1.93,1.67
metal,4.07,bubble_wrap,2.6,0.26,0.05,1.638,0.0338,0.02035,1.88,3.38,3.35
wood,36.22,foam,0.3,0.25,0.05,0.205,0.00375,0.1811,0.84,0.56,0.56
metal,4.05,bubble_wrap,1.7,1.35,1.28,12.398,2.9376,0.02025,12.75,5.34,2.4
fabric,23.79,paper,2.13,0.25,0.12,1.6362,0.0639,0.11895,2.91,3.08,3.02
electronics,42.84,foam,2.49,0.38,0.35,3.9014,0.33117,0.2142,6.94,4.45,4.12
plastic,15.77,paper,0.97,0.06,0.05,0.2194,0.00291,0.07885,0.6,1.17,1.17
ceramics,12.06,bubble_wrap,1.2,0.72,0.22,2.5728,0.19008,0.0603,3.11,2.4,2.21
metal,40.18,foam,2.25,1.92,0.59,13.5606,2.5488,0.2009,17.63,8.04,5.49
glass,20.72,paper,1.2,0.56,0.2,2.048,0.1344,0.1036,2.92,2.27,2.14
fabric,19.08,paper,2.77,0.79,0.63,8.8622,1.378629,0.0954,10.52,5.94,4.56
glass,39.52,foam,1.31,0.66,0.3,2.9112,0.25938,0.1976,4.94,2.9,2.64
ceramics,12.57,bubble_wrap,1.95,0.67,0.31,4.2374,0.405015,0.06285,5,3.74,3.33
ceramics,15.58,paper,0.5,0.46,0.29,1.0168,0.0667,0.0779,1.44,1.1,1.03
glass,32.05,paper,0.32,0.3,0.28,0.5392,0.02688,0.16025,1.27,0.82,0.79
ceramics,7.26,bubble_wrap,0.82,0.16,0.15,0.5564,0.01968,0.0363,0.73,1.14,1.12
fabric,36.22,foam,2.62,0.6,0.21,4.4964,0.33012,0.1811,7.18,5.02,4.69
fabric,13.56,bubble_wrap,2.31,1.88,0.29,11.1158,1.259412,0.0678,12.36,7.23,5.97
fabric,46.55,foam,1.9,1.52,0.12,6.5968,0.34656,0.23275,10.22,5.76,5.41
ceramics,38.72,foam,2.11,1.32,1.07,12.9106,2.980164,0.1936,16.62,6.67,3.69
wood,28.4,paper,0.73,0.49,0.1,0.9594,0.03577,0.142,1.83,1.38,1.34
plastic,13.25,bubble_wrap,1.73,1.19,1.09,10.483,2.243983,0.06625,11.57,5.08,2.84
electronics,4.88,bubble_wrap,1.32,0.22,0.05,0.7348,0.01452,0.0244,0.89,1.7,1.69
wood,24.93,paper,2.63,1.26,0.32,9.1172,1.060416,0.12465,11.31,6.76,5.7
metal,48.74,foam,1.92,0.45,0.05,1.965,0.0432,0.2437,4.68,3.47,3.43
wood,47.01,foam,1.25,0.47,0.25,2.035,0.146875,0.23505,4.22,2.55,2.4
electronics,5.82,bubble_wrap,0.3,0.3,0.13,0.336,0.0117,0.0291,0.43,0.54,0.53
metal,49.69,foam,0.78,0.11,0.05,0.2606,0.00429,0.24845,1.57,1.2,1.2
metal,5.47,bubble_wrap,0.4,0.14,0.05,0.166,0.0028,0.02735,0.24,0.52,0.52
ceramics,41.47,foam,0.65,0.05,0.05,0.135,0.001625,0.20735,1.02,0.92,0.92
electronics,24.37,paper,0.71,0.63,0.59,2.4758,0.263907,0.12185,3.51,1.93,1.67
glass,6.84,bubble_wrap,0.5,0.42,0.26,0.8984,0.0546,0.0342,1.07,1,0.95
plastic,14.29,bubble_wrap,1.12,0.3,0.05,0.814,0.0168,0.07145,1.26,1.61,1.59
ceramics,42.52,foam,2.89,0.05,0.05,0.583,0.007225,0.2126,3.4,3.75,3.74
wood,1.69,bubble_wrap,1.44,0.95,0.31,4.2178,0.42408,0.00845,4.31,3.14,2.72
metal,12.3,bubble_wrap,1.52,1.45,0.59,7.9126,1.30036,0.0615,8.81,4.5,3.2
wood,34.76,paper,2.63,1.49,1.48,20.0326,5.799676,0.1738,24.11,8.77,2.97
fabric,26.72,paper,2.62,0.13,0.05,0.9562,0.01703,0.1336,2.56,3.4,3.38
electronics,10.08,bubble_wrap,1.37,1.25,1,8.665,1.7125,0.0504,9.41,4.22,2.51
ceramics,41.58,foam,1.51,0.09,0.05,0.4318,0.006795,0.2079,2.06,2.07,2.06
metal,48.29,foam,1.73,0.75,0.13,3.2398,0.168675,0.24145,6.11,3.81,3.64
electronics,17.07,paper,2.59,0.19,0.09,1.4846,0.044289,0.08535,2.51,3.42,3.38
plastic,45.09,foam,0.32,0.25,0.18,0.3652,0.0144,0.22545,1.35,0.76,0.75